parking_id,location,capacity,occupied,hour
a8657ef5-4579-4667-9af9-f2df25e86fea,Shroff Chowk,71,20,1
f5e373e3-f820-4dbd-8e04-c66dd1a8b1c6,Munshi Ganj,411,106,3
34cb8bc5-4271-4689-b057-a7332f9d72ca,Vohra Chowk,205,102,13
6360f0c2-a72e-48c4-9324-75e7e08e81e3,Nair Circle,215,58,21
f20a9ce1-168a-4073-b4b3-4d476759b2bc,Buch Circle,377,156,18
a42ef576-d3e5-4a89-9d34-94a988457114,Batta Chowk,484,61,23
60bee602-dccc-4ca7-8f8e-1552e60b2f60,Mangal Chowk,408,325,20
75dcfbf2-31d8-4c1d-b826-4aec6028c586,Gaba Zila,383,95,10
f532db89-6a47-4d4a-a1d4-7047bdc58a89,Chakrabarti Zila,89,41,17
09ad8c86-0f65-44f8-9604-b7390d446cd0,Iyer Path,255,64,3
334d6fb0-96b9-45c3-8483-12f912c58ded,Kara,195,87,18
7e70c19f-7e6d-47ed-9259-cec389d68a3b,Mannan Ganj,279,212,2
15ddd851-ca73-4da5-8686-f335556132b5,Kumar Nagar,380,195,16
3bd15700-b552-4354-9b79-fce3bb8f2905,Chand Road,59,38,7
c4b452ed-aecd-4c85-b856-c2c614b79764,Pall Street,395,290,14
f2005cc6-f5e9-4f27-862b-731047ba8baa,Dixit Zila,446,165,5
9ba168f8-c57e-497a-a53e-f7f5c52a1815,Dash Street,299,190,21
896fb1d2-b2da-455b-a0a6-81cf59d80015,Garde Marg,492,263,20
8a2f05a4-dfaf-4d14-afa0-6da6136d6724,Wadhwa Path,463,143,3
9baf32f0-b696-41e5-af54-d3c2e1a32c9c,Pandey Nagar,483,147,8
9377caf3-b27b-4d38-a284-99f6188b69cc,Wable Zila,121,93,18
1aa5e6e8-9668-404c-ab25-515a086cbd58,Shan Nagar,74,63,11
07c83e3d-9394-431f-b837-e1facf6f7372,Morar Street,70,48,19
f41a88e6-51a2-4b84-ad3d-3849851773f8,Saha Chowk,198,146,10
8fae8d2f-9bed-4b76-9903-7e7740776984,Memon,140,75,1
b3c7de83-c745-439f-a53a-86c559b7bdc6,Gole Nagar,230,152,2
b2521bd1-b9e4-4592-9112-0a02c8970eaa,Rege Path,99,43,9
81b265b5-633c-458f-88c3-3701107e933a,Pradhan Zila,427,239,21
575c4d30-4717-40e5-9b2d-64c703402174,Bandi Circle,260,150,18
76a62d84-0688-44e5-ad86-85d53431ecd2,Bahri Street,466,399,7
5a90bb5b-02d6-4520-b28a-d6559c2c1475,Singhal Street,101,75,14
55c69469-3958-4c05-a183-eb4005ce8368,Ranganathan Road,487,215,19
bbac2949-d821-4ec5-b81f-1e47be620b2d,Parekh Nagar,377,145,18
a45de472-d279-4ee1-8791-049a7d8e5cd6,Saraf,202,91,16
0f0e2d80-8f14-4bc9-b2e6-26d371b9e234,Varughese Road,100,53,14
cd3221ad-999a-4719-85f8-73f546cb81f3,Mahajan Ganj,421,169,15
d9ac970c-f1b8-481a-8aea-a9b4768a746d,Mangat Circle,199,131,20
0f958e18-1b85-48eb-aded-948a14a074fe,Ray,68,38,5
44f3e6bd-7e2f-4adc-9a32-24fc8f9479bd,Dalal Circle,267,97,12
ccb28c64-ac42-401a-925b-d6e0d332324c,Din Street,344,298,15
503e79f9-25b1-44a5-b420-b769805ffa64,Dara Nagar,346,280,19
b57f3de8-d7cc-465e-822b-d5fd99d2bef7,Sehgal Path,430,316,1
15ac4b93-5bda-4794-89e4-be306eccacc5,Sheth Road,148,100,10
a9628b25-b1ff-489c-afca-7e57d07c6b3a,Peri Marg,449,190,23
fdc199c3-74ea-424d-9e47-168b3c4227f1,Suri Chowk,366,82,3
4ec58826-1076-44ac-a346-4bef73454e3e,Narula Road,374,252,0
13b7269d-2d76-4c8d-bc32-73d1dd08a23d,Misra Street,401,184,20
2c093220-3d76-4104-8ec0-50daffd653c0,Rana Circle,403,89,20
8ea6a957-254c-49dd-a607-0dc541d60016,Natt Ganj,171,115,22
0dd1690a-8809-4d42-9712-1da68234a14e,Maharaj Circle,303,161,3
34c57ee0-79ce-4852-8ab1-6b264aa7816d,Sethi Ganj,467,297,5
afef3a09-3a9f-4f29-b2c5-fa82c7759e07,Tak Road,477,343,15
e0ba05fe-3fb9-4f59-af23-94d002b6548f,Yadav,450,273,1
34f8154e-e3bd-445e-a6ed-067bd5fa2e23,Kanda Path,491,84,20
1f275180-9688-4144-9e73-de73f0ca84d9,Baral Marg,125,19,23
6f503712-1b17-40e3-9d91-c03d64f9b100,Kapadia Nagar,284,38,19
0b583fa9-94fc-46a1-a81e-0115ddca8cfd,Chaudhuri Street,167,36,23
a48a7bec-9def-414e-8560-d11e0adf11d0,Vasa Marg,367,150,6
10be2b68-6dd5-496a-a4ff-4f0a7a92ac89,Virk Nagar,480,204,9
a88e298a-0d1c-4171-9103-b19f988db7c6,Soman Street,302,121,2
5ea08776-09af-48b4-9cfd-16c6a0ed8f7a,Singhal,468,147,13
95d33675-6c44-4c53-8aa3-3d501d600f04,Sandhu Path,457,402,1
3e2ee8e9-75d5-4747-a2f3-fdb59f56b21e,Nadig Street,347,55,13
99ff1f74-7f27-4de3-9b6b-9e1e2a669991,Bobal,271,240,14
f04f9780-385d-4125-b0f0-e1c5599647ed,Bajaj Marg,138,58,22
9e0cef2d-4bdf-47e0-9c2c-8be10b6afc01,Talwar Nagar,143,120,19
d82647c5-64e4-4503-9227-b2a648e09f67,Bajaj Street,467,64,11
6292462b-3633-4480-9eb7-8f468733b41b,Jha Chowk,137,54,0
21f79412-0cfe-4fdf-ada5-99c79a092694,Sanghvi Chowk,232,199,2
3816cb1a-3789-4022-b2c9-7203f53e50de,Palla Ganj,425,68,7
5379608a-9783-448e-83f5-be6c92346b75,Rajan Street,206,127,13
8d4f74d1-9cb4-4826-9e04-463b8b25fd65,Setty Path,333,147,6
0d30ba60-86a9-4488-84b2-16cc4f37dc71,Mohanty Chowk,127,63,11
346b4bda-312a-41c6-884d-8e504d236921,Gara Zila,172,50,11
1558a6cf-2d6f-40f2-a498-d37b5901a63f,Bawa Nagar,356,78,12
87639a47-6a80-426f-aa2d-448df656d5df,Ahluwalia Road,474,364,4
79e28328-f8af-413f-aa64-7097c601460c,Zachariah Zila,210,112,4
f6c278ee-5ee2-4fe1-8f45-2d2c6be91a3c,Bhatnagar Circle,225,42,2
943c3647-0972-412a-bf0d-5f33e71d2f70,Mitra Zila,99,33,15
1291f407-0ec5-483d-8cfd-5d4589dd6e30,Bhat Path,307,202,2
b0507e43-0db6-4b42-aca8-2be3aac2edfc,Gade Zila,95,41,21
164078a8-9bb4-44b4-9381-52addabc30cd,Ganguly,264,102,15
45c73522-0557-41d7-9d02-9e82b5b259d1,Ravi Zila,83,17,7
7ab56651-6430-48c0-aa5f-8654e7ba14b8,Nazareth Nagar,238,199,7
871623f7-af13-4e20-a237-c366d9ba0657,Sekhon Marg,388,280,2
2e9c8079-164d-4fb9-940e-91f309d20df9,Oza Circle,315,151,7
09f55d44-22c5-4c43-a184-80aba59246ac,Bera Nagar,180,119,9
d2d8ca61-1b76-495f-b289-dd8ebf19c69c,Manda Ganj,150,45,15
7107e3c8-b0d1-4a94-b3fc-7db7a01a566d,Buch Marg,155,16,4
132c71a8-368c-48b1-a96b-5c532869fa7a,Gokhale Zila,53,41,17
8a4fc937-ecf9-43cb-8205-42e2519281f9,Sami Chowk,388,273,17
ff7e761b-93d0-445b-bef3-2475740a1378,Raja Circle,286,242,15
03cbe8ab-db3f-44a9-9aca-1dfbd67e1b6b,Loke Marg,454,82,19
d2548809-c1ed-49c4-81ce-78b4dc5fb719,Gola Road,297,213,13
1afa6549-4a6a-4b5d-bf7c-de90aff81300,Bir Road,316,200,16
b3a9e9f6-f600-4c55-9c02-0d179e526dc6,Aggarwal Circle,372,180,18
98cf8ce9-7294-4225-8664-4063899b036e,Wason Chowk,265,74,3
5434a8b3-d11d-42a3-a1d1-fd6e53be545f,Hans Nagar,456,247,17
f016436c-d5ac-4931-b482-ec4a233fc5a8,Gopal Marg,80,34,17
c55f1bf5-aa72-46d4-8b9c-2338f1ca3ae4,Ratta,206,88,19
b2957946-7772-4b8d-97f1-11558bc1acdf,De,160,90,16
8fbf8f34-0c3d-4567-8da3-f3cc94877245,Dhar Road,270,158,15
90851647-fdab-4d94-843b-5e7588a6e5c2,Arora Ganj,256,212,9
e4860e85-2ea2-412e-8852-2628b202f81c,Mann Road,66,54,16
609eac97-2473-4d0b-89db-366babd3f3ac,Rajagopalan Circle,126,80,3
93a67f9b-0272-49a8-8ef7-263748c7452b,Kunda Street,138,16,8
35e46ee9-2d00-4976-b539-1a2dab63f105,Chawla Marg,222,152,20
adcf1e76-f257-48bf-bfcd-3cb14ca3a1df,Thaker Path,98,55,20
75442fd7-98e0-4d47-8647-8dc298e0b659,Chhabra Path,252,140,9
9875c81e-8d1c-4909-bfcf-37701ef70253,Sachdeva,455,396,6
bc66698f-fa9f-423f-9061-8c7ae92c5908,Warrior Chowk,403,192,19
9fa2e8af-03f1-489c-a87e-51cfc3fbc111,Suri Circle,59,49,1
35fefaaf-606a-4358-894f-a0036dc97d68,Samra Circle,482,143,0
61d2809d-7d91-419f-ab1e-386bce56a9a5,Nath Street,254,210,8
6fe6469d-4a58-42b5-bfbd-64f5e4f8be86,Sachdeva Chowk,324,245,7
0e9a444c-23a6-469f-806d-6b5f8cf750ba,Subramanian Chowk,178,77,15
86d3ed89-68ff-4d77-9e73-d00f7834c117,Bera Ganj,483,244,21
ab13297d-eeb5-414b-87d1-8378fa8513e8,Chaudhari Nagar,306,248,16
f8edcf94-b1d3-4b2e-b817-3dad8823b172,Kota Road,194,71,12
4feebfeb-2885-4936-89e0-3a532104fb94,Sachdev Chowk,279,30,6
29f815c2-5bce-45f8-882e-b3fe3a569e17,Brar Nagar,271,117,23
06dcddec-039e-49e0-a997-f2c4e90c33ad,Badal,474,243,19
cfd995b2-284b-4637-855e-733a8d51f813,Gokhale Street,466,410,5
7040184c-df01-4aa9-8e4d-2716dc21459d,Loke Ganj,65,34,21
1dfdfcfa-755e-4066-8ad2-46b261cba611,Rau Road,452,173,4
eb6565f6-9938-4bf3-9069-4afa50fda098,Kapur Zila,405,212,22
f82ea757-f49f-4f4f-983f-839fe1f8715d,Agate Marg,204,108,9
1299537f-75be-48fa-aad0-a1162a52ae31,Seth Circle,215,151,5
5c0aba5d-94bf-4ba9-8371-553a17e3fd92,Sarma Zila,181,21,19
21b63c3f-5326-4dc0-baab-0c6029314ef6,Rajagopal Chowk,191,88,14
839e894d-7965-49aa-a1df-c6e107eb6cfe,Wable Circle,298,70,20
c93bcda2-fa0c-4a4c-af74-6f2e902c2a2c,Dutt Marg,342,287,21
f2639601-bf33-4cec-80fa-6977d3de739a,Dhar Circle,144,63,21
c2c1a62c-6e48-4e6e-90b7-a264c7676707,Ranganathan Circle,165,27,23
1f24b95b-1db5-41a8-8d53-c95a21d65b72,Char Chowk,466,400,6
b05b2fb7-fa8f-4198-a6e3-201704909fa0,Sachdev Nagar,319,127,10
408f45b7-c2c3-44d8-a78b-4af9268554aa,Swaminathan Circle,104,12,16
094523df-6570-469b-87d9-8d359a50ddf8,Din Ganj,99,49,12
56bd70fb-de51-4b66-b6b3-499879e171f1,Walla Chowk,477,267,23
4dc3e25a-c4e8-4bec-987b-33ee82cbb8b9,Maharaj Street,420,188,8
c98eb884-a39f-4ddc-b471-c8f48c71a19e,Karpe Nagar,116,33,6
20ae3779-fa61-4902-b9ec-8556924d2d34,Solanki Zila,451,291,20
41b34b5a-9fab-446b-ad80-1eff3ec800b8,Sagar Nagar,415,249,9
c455bcee-1a6a-4b4e-80ca-1bd1c78c078a,Menon Circle,275,59,7
9895570b-a2de-469f-be08-3bf141bb4e41,Karnik Circle,415,152,20
2b016f9f-be0b-48d8-81b8-6418e224c7e9,Chopra Chowk,87,57,11
7760a816-f574-41ca-86ca-a77b9b35fd41,Chand Ganj,470,238,3
6dee3c46-724e-4c62-a41a-4302054562b1,Maharaj Circle,233,139,3
64977bf9-e0a1-4276-9829-9ba8f8de3a36,Varty Circle,160,20,4
43b3c49b-9b07-42dd-97d1-5ad3e39b970b,Wadhwa Circle,149,115,16
f9cf8d24-cf2f-4f34-bdf3-09f735465654,Rege Ganj,481,334,23
3bb62296-54c1-44d2-932a-e50875079edf,Bassi Street,387,119,13
9b6ffa42-17c4-40bf-8e99-272ca3ec3fe1,Arora Ganj,390,159,4
dbd560fe-52b6-4319-8e45-3cbec26a6e59,Luthra Ganj,144,103,22
6c3cb1f9-8041-441b-a20e-c784ca7f1e7a,Koshy Chowk,172,81,6
360264b2-2021-4d9c-940f-c77c6401c8a3,Chadha Ganj,198,97,5
13af882f-e9fd-47f8-bc06-3135b6faadd6,Ghose Circle,277,212,22
95b32977-e47c-4031-b7bd-e12f525632ad,Murthy Nagar,75,34,7
71962c3b-5737-4b38-a72d-6848e75f930f,Choudhury Road,244,173,4
2e727c13-2715-482f-94aa-dfef93e6fa66,Nayar Nagar,108,27,20
0e2b37e7-c914-46e7-a277-d587f430ee78,Narain Chowk,357,304,19
4d8b1904-1a56-4f5c-8d26-b4e2bc6c62e2,Zachariah Ganj,317,257,2
deb6019d-b3d5-4cda-ae6a-95f9fd1411e5,Puri,213,48,16
c37ee9c6-7886-468c-abe3-c6d42ec5eec4,Joshi Path,210,68,20
4e8fd84f-f907-4f45-9c8a-3449e1687e02,Saha Street,388,112,2
cc5f6658-0d72-44cb-b7eb-f6d0f98b3744,Narain Ganj,173,103,21
5bb9114d-ec7d-4ab0-98d3-a8e2c727e9a3,Prashad,150,111,11
7c25ecfb-0d6e-4999-8c1c-98e1e04cacc5,Nagi Chowk,281,182,16
1b8a74f5-34c9-4c4e-b1f5-cf8fc24dc710,Pingle Path,184,51,11
ca2268c7-f56e-4894-b2b1-c2647980de5b,Balan Path,60,28,18
d52de315-bd84-48f7-a2b1-0a4222353a20,Dugar,154,84,10
b3d9c012-f683-48f3-a299-95b42e2e44da,Sastry Circle,409,161,7
bc8210d6-2003-4643-b66f-80918baca228,Borah Street,130,51,22
6e0d57a5-0245-494a-a577-4c05a54648d6,Jaggi Nagar,240,156,0
aa384bef-8eb3-4976-a9fe-383f38fa0a6a,Char Ganj,179,133,5
ba2a2c8a-64fa-4937-ba6d-c99f2f5e4889,Kota Nagar,287,223,10
6ff1f485-c3b7-4832-b21d-8757edda119e,Bala Marg,343,46,16
57d3fbc5-980e-446a-9764-31ff76bdd08e,Basu Ganj,77,13,16
fa4191ba-ea8a-4ad0-a47e-96c9006c4d77,Majumdar Street,417,320,4
c0801c2e-11f8-45a9-9fa1-f6cb2ec6ba6a,Setty Nagar,186,66,20
d366f2e5-2573-4c28-9c06-e83a30de107e,Nair Marg,415,344,13
a9766b72-d498-4e53-ae20-369251016804,Raval Street,276,79,11
ecb633a3-4267-4502-b8c1-706baa3631d3,Vohra Road,99,47,10
66b2569f-d7c4-458a-b73a-17263cb93145,Ratti Zila,407,246,1
47f8d8bc-637e-4107-a67c-324bca1ea9e9,Bhatt Street,404,132,11
9c9ff887-88b6-408f-9f4e-ac2a8d96344c,Koshy,418,210,12
04243622-3a25-4e34-85c7-02d612101db9,Mital Nagar,302,103,6
83b18b09-35c2-4130-bdb8-9ddc88652a90,Bains Street,437,112,23
d1a944f2-8ec2-4c7a-9999-2f3738e35da2,Mohan Path,482,104,2
d69d1047-a8a5-4f19-8a16-e61cd2218089,Sami Street,374,107,19
610b54fb-e3bd-45b0-9285-013a3fd2a2ba,Dutta Chowk,453,122,19
1c97177f-2d98-4c04-8846-8f8d08c02abd,Hayer Zila,232,192,4
33bc8aa0-035e-4c33-beb3-ce7584568873,Swaminathan Road,133,65,19
295ed0ba-1ff6-424d-b3d7-fd1222a36547,Prabhakar Marg,431,386,4
f64b4f4e-1eeb-47a5-ab77-72fb4e515920,Boase Zila,79,63,13
c15bb570-381b-4857-85fc-de95129190e1,Banerjee Street,378,238,11
b03b6b11-9331-4209-aa40-1551ec4b56dc,Banerjee Road,108,23,12
82e196cc-c0c7-42b1-9433-36baa44b4a95,Iyer Street,117,11,6
88f979f7-bc08-4c6d-a805-24113442b060,Lala Chowk,236,45,16
76f4af2b-0de0-46c4-9abb-a9ed2dc233a5,Chacko Road,438,151,18
a42d9a6d-3844-4b13-ac83-dd3cf0bb97b7,Loyal Marg,389,327,11
256ef432-acd8-45ee-ba0e-5de97297fa32,Sarna Marg,405,352,22
3d3f2c6c-5da3-47cd-a31e-b884d10722dc,Arya Road,401,52,4
d4c1379d-22cf-440b-9a5f-e38b89948ab5,Srinivasan Nagar,62,39,1
59fe79b0-b4e4-4163-853c-7a826bc7e59f,Korpal Ganj,58,39,5
bf2bdb0b-1c0e-4c67-b1d1-82ae1c28d974,Gaba Street,334,88,2
ebff2d47-b48d-4e92-9e11-74daa5898509,Prasad Road,176,104,5
7562667b-9230-4a13-a2b5-3bf9a3cc4816,Nadig Circle,134,27,3
59ac0027-ba76-4466-8a38-7e9f45a4c216,Badami Street,467,82,9
6b92f35b-662c-4a77-8801-73528901aab2,Nagy Marg,194,49,2
a2dd51ba-a6fe-43a7-a5f7-c15096b2d28d,Kala Street,381,66,16
c6655859-297c-4400-8e8d-1a5a598ddf20,Bumb Marg,276,147,15
bd995224-b85a-4a3c-8031-aa32993c1d3c,Ganesan Zila,334,226,19
9775aea7-6545-405a-aa5b-195d41826dd3,Swaminathan Path,188,88,10
d286c0fa-9fbc-4e6a-973a-e16c79b1cb9e,Swaminathan Circle,111,32,4
83188a77-7d83-4352-94ae-b02daaebb3d0,Ratta Chowk,395,351,19
444505ce-5739-42d9-9599-168615de0a1b,Nagy Ganj,169,134,2
330247f5-9bb9-449f-9388-2bbc531a2dd4,Hora Zila,217,139,2
c2819155-31be-47ec-a7b2-bc3db247a330,Chakrabarti Path,365,308,4
24172ce5-fe9e-44e1-9208-719b1fee94cf,Suri Marg,277,115,6
2bc9ca23-f279-4a94-825b-1f4161cef609,Krish Ganj,463,299,7
b01a01ae-40d5-4776-8427-d40f27f45eb2,Swamy,339,126,4
81c8f650-f27d-48bd-b00c-0f96f6d14318,Malhotra Circle,441,161,19
54ddd7e3-7686-4ad2-95b2-ccb4364304c6,Biswas Nagar,455,296,23
fe1ea081-39d2-4669-970b-ad599d18ba6f,Date Nagar,57,28,2
dccc783b-940c-43e7-9ea8-2a46dea98ace,Karnik Ganj,393,135,10
0cd19fb2-4fec-4b2e-9b05-4ab84eb1c9dc,Narain Street,67,14,22
a8515f8c-4323-4053-9b84-e4e3e7ed25b8,Vala Street,115,94,7
7c9aabe5-ac0f-4920-a81c-057e034af944,Magar Ganj,421,72,3
50676c4f-96e9-489c-8e64-1e066a45775d,Pradhan Street,102,39,9
772aef8a-82ab-41b1-a233-669bb7d21eea,Kala Marg,442,176,18
4daa7bf1-6647-4b2b-87ba-41b763b58dfa,Mand Chowk,133,59,11
8f9c0995-a7d7-4c1f-b0a0-7c6b7ffb8288,Nayar Ganj,181,27,6
acbbb182-df2c-4d00-a766-14b91710092b,Karnik Nagar,426,159,5
13b79a72-09db-4340-9c78-7401d00e3645,Chander Circle,458,214,17
797d2cce-1a34-4b54-96d1-62954e058a1d,Sarraf,146,116,11
369e910b-0ce9-4df4-b86c-2625e5c9d87f,Soni Road,197,95,21
c9509552-d4ec-4788-8747-c265f12ef846,Madan Chowk,247,187,22
0c0e40cb-712a-4b0c-82c3-cf6667f68464,Batra,80,71,18
fde71f66-eb05-44c0-9e11-2dd21a233113,Malhotra Nagar,365,43,21
1c805e2f-c70b-4947-b776-d6bed59f7fa6,Singh Street,91,61,20
f05bf875-9f53-4ba9-ac60-8fc8231985f9,Nazareth Path,71,29,14
342329eb-fd3f-4008-bd1f-03f43731a009,Mander Road,315,282,13
b1dd94c4-0502-4caa-b66f-31ae7221f977,Dasgupta Marg,198,148,20
92842aca-433c-4b0f-a2a8-ba1e59962a0e,Chopra,498,354,0
6d8a6347-9e27-4e2f-b2e6-a8405842b4be,Rastogi Marg,285,197,9
f632635f-44e3-41f3-8602-5ea99d75f739,Kashyap Road,464,393,13
22f4b5d0-195e-424f-af21-563c3f3f7f93,Verma Ganj,436,334,21
e4fdc48d-2ccb-430e-8bdd-1eafc899dffa,Shroff Zila,331,34,16
cb451276-3060-4a20-b836-c1e7bcf31a5b,Hegde Nagar,425,378,14
ea2dc5cf-9a67-4687-80f7-13231c843c54,Dhar Street,180,21,18
e20674e6-f1eb-44d1-acd3-ea9367fc49b6,Mammen Ganj,195,118,23
28e3342c-26d8-45c9-a8e6-c764867d69f8,Tiwari Zila,281,100,23
4367bafe-3439-4e65-9717-a6cec45981db,Gara Nagar,68,7,2
e5d8911b-7df9-437a-b02a-f5d5a5de7beb,Baral Ganj,249,34,12
11364e35-a1e9-4eb0-9259-338b5656556b,Johal Path,57,34,9
071dadbb-ab14-47cd-a9cf-0c48080d7fe6,Vohra Nagar,222,126,21
b00baada-d75e-4462-89ba-0b5f7232ec54,Srivastava Nagar,65,34,6
3e80acbd-c50e-42e4-94a4-ca31a3a401fb,Karnik Ganj,256,77,7
c527bf50-9638-4a6f-8e7f-97a4f7b62f3b,Kant Road,484,124,23
7861d4c2-68b1-456a-902c-6ae4ea9e6843,Sha Circle,190,166,10
1fe52abe-8be4-41ae-997b-039e0fabebe5,Som Street,201,95,1
a42fb30c-f348-4890-b516-3d521eb4f506,Nagy Marg,366,118,17
de39751e-69df-40fb-a776-753c55f26809,Amble Street,219,36,5
2f310162-d106-4a59-a8b7-1eb5a2c63dcc,Edwin Circle,363,296,8
e26776dc-05a2-4a36-b51f-58e2944b7f12,Wagle Circle,103,54,19
c8a35c4a-3734-4f59-9f76-4b04aef43a0f,Sani Marg,202,118,12
8ff28e6e-f861-41e7-8b5f-c68f7f09cd19,Issac Circle,487,414,22
69613818-3eb4-47ab-96e4-0677b800ca4e,Ranganathan,140,21,8
a7453e04-e758-42c5-b31e-d03e74fd617b,Bora Ganj,357,185,8
a7bcc7f9-09b3-4149-8c3e-0bb260b9e1ce,Doshi Nagar,129,100,11
6b6f5207-a7be-4998-99c2-b97ecdffb881,Narula Zila,183,161,16
3c6d2f2a-eb5a-42b3-9bf9-06261fea2c2f,Dutta Circle,416,187,18
b0ad6fc1-e9f9-415f-b5c6-5c5d3e221c26,Lanka,89,28,11
97b47b9e-daf5-4f7c-9e2b-222edf0f1ca7,Goswami Nagar,372,328,15
654a2e4d-f97a-4263-854f-578829728215,Bawa Street,447,276,1
32b3cf5d-b576-4a19-b42b-f8895be3eb2d,Bhatti Road,406,268,21
791fe215-c46e-4210-aaca-3b52a73f4a8c,Nazareth Chowk,181,79,16
6554104d-d7db-4d83-b962-78c926529902,Dash Road,199,111,2
9dd80798-c586-49b9-ad0c-6d85d6a10064,Pillai Path,228,192,0
dfdab668-1a3c-4ef0-a85b-11b4abcbbe23,Arya Nagar,244,71,3
394a4c86-a88f-4b8b-b8bb-679476671479,Sabharwal Road,176,57,1
992f9cf1-910a-4031-a347-43f3434d29de,Dubey Chowk,397,244,4
12e9f73c-ad54-483f-8610-f6357c0c97d6,Naik Circle,235,99,3
c35748c7-56df-4216-ad22-8247624545af,Bains Chowk,429,94,2
725b7218-e6f2-4fa2-9fe0-f76ca3523618,Sethi Path,279,36,16
05555c65-85e9-49c8-9d89-e50c71d882ab,Ray,220,104,0
d36d11c4-894d-4f21-8c66-1be2c4f01be3,Sunder Road,433,90,3
dd0d996a-42f4-43cb-adc2-ddee9b4e0f7f,Palan Marg,351,222,7
e38dba04-1d8e-443f-af61-eb5f84ebf8fa,Pingle Marg,160,81,20
2913d9fb-bee5-42ff-9636-7c8ef8cbe1d4,Hegde,103,64,10
6ea2b0ba-8b8c-4ff8-945c-980f576ed524,Chatterjee Marg,434,61,12
862f591e-0054-4790-bc9c-af3674e3ee3d,Tripathi Street,428,163,0
23d42926-7922-4406-9d45-3e7f3fedf8b8,Bahri Street,175,89,20
c3f07665-75d7-4190-bd6d-b9303eafaf18,Brar,359,188,21
9a02233c-9cca-4bcb-a0b2-856f09f51996,Chanda Zila,195,171,3
0db6dccf-540a-413f-9b7c-f77fd7438ca2,Kar Street,214,133,12
f47cbbe7-3792-4d3f-8f5a-71ed293ada61,Dhillon Ganj,441,61,14
eb83e329-4357-49f0-8578-4c0512c51415,Kota Ganj,366,60,2
bc97a604-0bd4-4a31-b434-b765ecb7dbdb,Swaminathan Marg,261,85,13
9c7d4c08-166e-4964-84e5-6a434dd7816b,Gade Nagar,220,29,22
6b4f4a2a-5405-4562-9918-2cf630daced2,Singhal Circle,93,38,23
4f8fb68e-2d16-4f84-a477-e685b2be6dd8,Chakrabarti Road,258,103,18
87c309dc-c8be-47fa-a487-76ab8fa90e7e,Kari,88,41,18
e559f3fa-5434-4448-9052-e2dbf2ad4276,Salvi Zila,386,344,14
1a545e45-73cd-47a1-9e8a-8d224c707a87,Brahmbhatt Ganj,247,128,20
f1d8d75e-a96b-4760-b467-011ca78f542a,Varty Nagar,109,32,12
7666db31-8de7-4ab9-8554-855a85fd7106,Sachdev Road,315,142,9
de897ea3-7151-4743-b2ad-46c3f640b8f0,Mukhopadhyay Marg,355,292,8
807dbd92-5cab-4def-8fbe-eab66e87260b,Kala Road,298,201,18
380d402f-1ba5-40ff-aa37-4c64685d6d20,Mangal,359,227,8
daaeb9cd-3542-42fe-ae30-1797bb0b6ced,Sibal Street,113,33,22
93365b7d-bec0-4028-8a04-718cd1f1a3a3,Arora Zila,448,130,16
fc0684ca-1648-4b83-8bb9-7ab13e6b3639,Bassi Path,98,79,18
3a221f19-ed01-422e-be1e-30673461ae1d,Rastogi Nagar,222,79,15
e944d998-c252-4218-9db6-52eb411ed078,Wadhwa Road,67,34,8
8f8d0007-7cb8-49fc-8d58-26abd7b07dc2,Raghavan Circle,259,210,15
48e14682-3618-4771-af82-c1c68c3dea8b,Aggarwal Ganj,348,133,13
1b271bf0-7f90-418f-be71-3793824c34de,Lad Marg,114,86,22
20c6ac7a-b845-4a38-bfeb-72fbb2707759,More,369,281,13
cf2d7836-285a-4f74-8714-1a270e5381bd,Jaggi Nagar,90,10,0
13d79dc4-0449-46eb-b02a-9711e53126fe,Khare Street,149,16,20
90d5c76c-0a70-4072-94a8-70f159fb71b8,Pingle Ganj,254,207,16
9b93fc75-de14-49a4-bffb-8fceb739d139,Sampath Zila,134,62,19
5abe975e-742b-4781-9ed1-a980baf75248,Malhotra Street,319,147,23
2d630a68-017f-4972-baad-0d84708f3888,Jha Nagar,254,102,16
b2debfde-9a92-496b-bb3a-4d9af5358a6c,Chand Zila,161,62,19
41e1f742-f10e-4b27-81e3-4648ce15bda1,Vala Zila,315,206,12
25d5b87b-1cd4-4b4d-a136-93747c434a03,Swaminathan Marg,154,110,23
c2b32df2-6ede-4f5f-ac8f-6ff224478b34,Rama Path,288,80,14
3a464d32-f7df-4ee9-9151-21ef1b36426b,Nagy Street,485,424,0
e15b68cd-6ef8-402b-9f49-88cf0090d614,Naidu Nagar,347,64,3
78811a1e-4531-43ad-9cb0-a08ac511dc91,Andra Circle,308,79,18
13a04b2a-709e-4a83-9ea2-d42826a965ec,Sheth,151,33,0
2840bd49-5c4e-43c9-b94a-dedbe4b45b9e,Dora Street,350,57,7
97c1f5ab-825a-4e42-9402-eef4fb2c43f2,Ben Chowk,366,71,13
7dc772a5-b1f6-464f-98f3-a4d9d429d173,Chaudhuri Ganj,162,90,23
637b4e02-38a1-42e3-aace-e2a2042925e3,Sheth Street,221,118,2
a9d6f3a0-8b18-419b-aacd-9fdf0fcf16c0,Mandal Street,117,48,0
b686773c-b234-4f7f-a910-a97cf386f6cb,Vig Street,261,175,20
b39599bc-195b-4baf-9525-97bff590a10b,Sridhar Path,393,218,22
fe1513cb-cf19-4eea-89c4-600e671e8366,Pal Marg,457,121,15
f1971b6b-dbbf-40ce-bcb8-ba8e54cb8692,Korpal,351,107,16
4a57adc5-9b7a-4b7e-9e15-3aa8fd29fe03,Apte Circle,109,88,10
05575adb-b816-47e2-809e-aa788549d8c3,Baral Circle,137,117,0
f775859e-7f8f-4232-874b-70cbbb041612,Zachariah Marg,334,266,19
4cbb91b6-77f1-4b17-b013-119a75b6cfea,Venkataraman Zila,483,153,14
622d4562-be7d-4d08-b198-ae6abc21f677,Kulkarni Marg,392,232,15
2fa49245-d097-489d-a91f-f661e2f5b59c,Sheth Zila,182,63,16
6597e7fb-9222-4f2a-bd90-25298a2b0b61,Ganesan Ganj,73,14,20
5df16a8b-5fe2-4c1b-ad41-16638079e290,Kaur Zila,182,73,9
1c88822c-3da4-4a11-98d2-56e364c7f348,Kade Zila,211,175,9
71ed1e54-c4d2-474e-82b4-c9aab63837a0,Mangal Path,433,173,13
7804818a-c4bb-4deb-a7b2-b1b99e4366d9,Mallick Street,136,109,5
b23981dc-405f-4175-99fd-0dbc3931fb40,Hans Chowk,465,354,0
0a367c9d-50bc-4aa2-aa11-ec2b65c40983,Kaul Ganj,264,35,4
ea2cf7a1-2002-4250-88ce-6b2cb922ad77,Bakshi Nagar,371,325,6
861dc68c-5527-40a7-ba45-421187567f83,Peri Circle,197,107,8
04560a39-b293-4123-a019-efd3218ee4ab,Lal Zila,446,392,13
81047d7f-9272-4af7-98c6-b72c92b7b59a,Dash Street,283,244,16
7fbcc2d3-0c9b-4e0a-bbc4-d1eb6e2d6370,Kalita Zila,120,21,3
21f7e2c0-5ba6-463d-a5e1-f26bcb82bbcc,Kapoor Ganj,489,104,19
2bbac1a6-bf31-420f-b6be-2e5c64273808,Agate Street,481,397,20
cde744b1-2c47-4181-95f7-da46245ab9fd,Pai Path,317,234,17
25020d5d-0975-4fab-9a6e-1145648559db,Mohanty Zila,91,48,4
b5708546-3a05-48ea-a81d-5f8b202858e7,Dash Chowk,180,69,9
d43f1ca8-b0f0-4dc3-b64c-e4c046c11e1a,Devan,112,64,9
eb59e3d8-bcdb-44b0-9df0-fff21512f7bb,Bains Road,482,184,11
6d4c1eb2-c535-41ce-bd93-655a60ae0c8e,Kamdar Zila,406,324,12
984b74a5-ba8b-47cb-a003-04cba5ad4a3c,Bansal Chowk,180,122,21
6173642c-2fbd-4952-ade3-507dad6865a8,Sridhar Nagar,60,45,12
4ed1009d-e1f4-44a0-b02d-6862a2a4c54d,Seth Marg,330,92,11
fa353988-1b0c-4d7e-a927-15c3505deaa5,Mani Path,442,205,16
457262c7-da07-4f47-be6f-531c640ff6f1,Goyal Marg,422,169,12
3438c751-730c-4031-94e1-fec0e36e8314,Batta Street,174,49,20
af9da336-859d-4d74-b042-f32814d4ef0e,Chaudhary Zila,174,99,11
2d04538e-7f87-4010-b2dd-1c990ace6c45,Bhatt Ganj,360,274,6
52a0a975-a640-4760-a9a6-f3117966e9aa,Wason Ganj,294,259,20
675493f7-a321-4a4a-9c7c-03a303b64cbc,Brahmbhatt Street,169,52,20
9d045fe7-3a04-45dc-ac59-a53c203b7df5,Dyal Zila,60,22,17
90713951-0f67-4c24-9ea8-6356922233f1,Mand Road,65,25,22
42ee6e41-2d3e-47ee-aa4a-840c00aff9f1,Hans Ganj,119,70,2
711a3379-731a-4c42-b95d-803607789473,Raju Path,127,68,6
4bcac1b5-d3c5-4d74-aaa3-fd0a861292fc,Verma Marg,213,74,2
e99ace73-5258-444c-85a4-41e69b003761,Sehgal Ganj,212,44,11
fe3e2373-ea98-4f93-834c-1fb006a061fb,Lanka Circle,454,52,18
74cfd156-256e-4be8-8f12-7bdf5e7a9575,Taneja Ganj,115,33,7
0bee7c2f-c45a-4ebc-a149-3ac26a92b7ce,Sarna Marg,345,287,13
630c543d-d705-4311-925f-806addc978e9,Saha Nagar,338,286,1
db2f2bcc-98f8-4588-97dd-5e84526e8836,Chakrabarti,127,63,4
a98b7e9c-fb2b-4ace-96cc-475842e2a113,Sunder Path,355,266,3
e2748328-709c-4553-b8bb-9003f800edb9,Sunder,234,49,21
9c1f765e-269f-4798-a851-65eb0619395f,Lall Marg,494,432,19
646ffb50-8fc5-4869-bb11-f50fc8c6f935,Dhingra Circle,485,120,12
03ffa6e0-748d-4240-9afa-8e3bf7045534,Mangat Marg,55,12,5
63977600-da5e-4b8f-9e33-376ae25be5fa,Ghose Street,347,169,21
ca55cd74-e37a-4798-ae34-bd3ad8f6ee62,Lad Circle,396,324,17
134ff294-959d-4e85-8a5f-24c03da501e7,Sharma Marg,284,51,11
64fb1bcb-85b6-42d7-a76f-acec56a434ed,Viswanathan Ganj,410,184,21
71c7dd0d-a1cb-418b-b518-0a4b96a3e42c,Bahri Road,416,196,0
76508ef4-4614-4007-9097-ab5397ff7271,Ramachandran Path,230,40,0
f8049002-0cfa-4131-9e27-7ce4eaf49acb,Dasgupta,355,229,22
4568845a-001a-496c-8d66-8bd277261f8d,Ravel Zila,481,124,8
2492ff28-ce6c-4833-8c14-1177cadfa073,Gera Street,379,340,4
1ef7cae1-5580-4fa8-b38f-8b7ad6e0d652,Sundaram Circle,99,13,22
d71742d7-53bf-45cd-b086-54481a733f05,Prashad Nagar,111,78,1
99b1db4e-73ce-4f35-8829-f1ed5da40003,Bala Marg,388,49,13
6feebad4-25c7-42ee-93d7-efce17c4eaa3,Randhawa Ganj,482,328,8
a1e77da7-26c1-4d7f-a429-a3d34d71cd20,Pant Nagar,258,144,23
ed89a61a-12b3-4bf8-9d85-d5e9de4139c0,Bahri Marg,430,363,4
befb3332-331b-47a3-8d20-846e06a7385f,Peri Street,126,35,13
2ad21de1-a080-40fe-b119-263b82710426,Patla Chowk,50,35,7
0e1f99f7-f1a5-4a9b-8a8a-e1353c0e5727,Chandran Street,116,79,6
f7826821-270e-4dd9-853c-fea0a25aa636,Tandon Street,256,133,19
86c0e7d4-5e53-45cb-a2bb-b2be4f40671f,Dey Street,489,258,20
5ba4b25f-6ed2-4980-a06f-bc273e385b4a,Dutt Ganj,483,139,8
2355cea3-bc35-4aab-bf99-c2f6549f554f,Mohan Path,174,128,9
a8ba1b42-1457-41c6-9904-8e97df9ed245,Dasgupta Street,477,263,22
c8083a36-c4bf-444f-be5a-4e6674c745b6,Chauhan Circle,269,162,14
0679550f-e4d4-471b-abf8-649315e81b19,Konda Path,485,199,15
9c621347-f21d-4e70-ae92-fcd18f7a8182,Bhalla Nagar,490,311,15
c4eb2344-1eb9-4c4a-8586-eff39435f72b,Bala Street,345,175,5
cfbb539d-24e7-4820-8799-0b90a58e0626,Dutt Ganj,155,32,9
4c75c312-d967-4de7-9c73-e05d6abf8beb,Seth,312,52,0
e55645d9-2592-49dd-ac47-adbb512b0a52,Mandal Zila,58,23,16
d4894d83-9605-42b3-8a94-ca5db64d5311,Kant Road,274,227,10
08f275dd-6632-4524-9b97-8c632ea5a78a,Mammen Street,416,139,2
42246024-6a63-4883-9c3a-1648ea20487a,Ganguly Street,447,249,1
9c616d5f-f853-47e7-b434-e7f2f099a964,Oommen Path,240,48,12
594ac17f-dc41-4fea-8382-b7781b4be222,Issac Ganj,107,70,7
0bfbffc8-54b7-4389-a720-2c44f734c4e3,Vig Circle,487,275,0
496888ec-905c-462f-809e-ecee1337fc3e,Mangal Chowk,418,62,23
1c2e04d5-837d-41c5-a84c-df3303904da8,Hayre Ganj,268,153,1
77d17193-e337-46ba-a38b-742e4a466b34,Srivastava Road,464,227,7
69a5163e-2301-4ec3-960a-6fd17be4b039,Dhaliwal Marg,344,174,6
400c5660-d37a-4552-bbf3-2b8274cad466,Narang Ganj,478,90,15
10a9065d-ea5a-4231-ad1f-7027eb66339b,Saran Street,233,121,3
d71f2104-0008-42dd-882e-a3d513b99f85,Zacharia Chowk,456,329,4
2a344463-6f52-43df-a1cc-f4fd3b95e5d2,Ramachandran Marg,301,262,9
d79a1a4e-685e-4ff1-88ae-f6c9af7e501a,Sarraf Nagar,447,113,13
4de246ea-5138-490c-bb7d-f618490c3c7d,Hegde Zila,430,98,2
a9366ce0-9009-4353-b1be-c8d1123daa9a,Peri,294,192,23
036f6cbb-86c5-4699-a63e-a679f1509147,Bajaj Zila,86,48,13
91ac98c3-1450-4fd4-8714-cc09a1b04c81,Sha Marg,264,173,11
4c40149c-011b-4f81-9d80-64425f3bed69,Hayer Path,184,59,23
2fa91f25-9274-46b6-8614-3685ff9e5c85,Narayan Circle,319,238,17
34097e86-5e59-4ebd-bcf4-1e11e60ab77a,Mukherjee Circle,330,242,3
5127b5d0-b86d-4fd5-8f59-449c6019a70d,Venkataraman,471,213,5
5f1e1bdb-9531-486b-9a22-778fe4b045b4,Kaul Chowk,156,75,0
91c62565-8fc5-4139-b37b-9feb2a97da1a,Gulati Chowk,361,163,3
d1418927-2e2d-499e-8120-eca3c73a6238,Lala Chowk,96,32,1
7e646de2-10e4-4795-951e-4656a0055533,Sharaf Chowk,416,372,22
8f7e2a93-b22e-4e39-9562-ff46c58752d2,Goswami Marg,156,87,12
bf60af03-b5ea-44c0-8f87-064dd593e16f,Pandya Road,417,140,23
903efd8d-35cd-4aad-bb39-e6ea2c54b0a0,Chana Street,137,105,10
ecd9b326-4db4-4ea7-a299-2f2e67657a73,Balan Circle,319,285,17
ce134ac0-9bd9-4787-a946-44103181bb6a,Vig Chowk,449,193,18
174f6afc-467f-4ce9-89fb-f8edf5c6b4a7,Bava Marg,471,131,19
3ad87997-1109-4f47-923b-2d3845dbed5e,Bhattacharyya,147,18,19
492b3c25-9b4e-4258-b4cb-c6165e89876d,Jayaraman Path,205,76,22
f9b18b6c-cf15-4867-9055-9817083e20b1,Yadav,448,378,2
8c88df5b-97ac-4678-8615-e2cfab40e76c,Kakar,469,206,8
b2474678-cd6f-4c20-b282-8e7ff1ee0041,Kumar Road,156,65,18
ba289eea-4ab4-461b-86f3-bf0e97a9b5f6,Savant Road,449,146,19
fcfba693-40dd-4180-998f-3f6af8f67d7e,Tripathi Road,133,104,10
174a8755-7197-4755-a625-68b6521543a9,Kaul Nagar,203,26,0
044fca62-b5f5-4865-a70c-d9b7e17629ae,Bhandari Chowk,123,54,18
736cd66a-4128-44f1-8d6e-3f00da2f916e,Nanda Street,411,354,20
26647913-25e7-4908-b981-9eb851446b42,Bahri Ganj,206,122,6
1be8aa53-b130-4af5-866d-3def98389f47,Bumb Street,415,357,6
891a5997-74ca-419d-9651-b341a857eb85,Guha Road,288,252,13
9fad4782-b7fa-449a-b91f-57e36dca69bd,Khanna Path,499,265,0
b8bd4b17-fbee-4dd4-b961-912182f5e685,Dhaliwal Chowk,57,25,1
c2029e8e-42ec-4f17-9a2b-ddd8fe7b4f6d,Mani Ganj,201,143,13
cca72f33-2567-4409-ac59-df66979b9f9f,Chakraborty Path,181,134,0
1b1e4b0b-ad54-4546-b6c2-edace57910b4,Sengupta Zila,166,25,15
ad921283-322b-4740-bafd-f5e6076472a1,Iyer Ganj,240,76,14
19744942-73c7-40d3-9283-2f3bb011a668,Sahni Road,399,198,22
927c6aaf-b964-46b3-942f-d318437ddcf4,Khanna Street,322,190,12
5294c8b4-073f-4bab-ac8f-1ec0b7cfe8b9,Devan Nagar,155,86,23
d7845336-68eb-4f0b-95da-d810e461d9a6,Sami Road,284,103,15
f4c2ba09-ee93-41bc-9625-0002f2d6b059,Pillay Path,111,26,1
9b3ae87f-6833-4ad3-bc09-83c606d53ebb,Gade Street,312,217,3
4b4cb93a-0e0c-48af-8c20-f7078cba9caa,Tata Road,438,381,20
07a2fab5-e765-4365-81a2-16dd0125b7af,Bhatt Marg,290,118,17
fc6e1ee2-10d6-4f39-9965-56cbc35f2f88,Pall Zila,367,113,15
8cddb577-08bf-479f-9358-042f58a8632d,Bobal Nagar,473,260,13
dd7faa84-9669-49ff-8b56-ae9f38d580ab,Arya Marg,378,107,14
008d20c4-8170-4dc4-8458-60404e69664a,Patla Nagar,178,121,17
96bc8583-2d69-422a-bb8c-ff0c6fa32b08,Brahmbhatt Road,102,20,14
626b20b7-2e58-443b-a0d7-e19fc1cbf9db,Sant Circle,64,54,10
f05c85eb-8872-435c-b213-037ca21a8e9b,Gill Path,126,26,4
07567ad4-ac73-4663-b1fb-90ecb7b90a94,Bains,153,103,7
6812b75f-c6c9-415a-8524-1e2389a785df,Sathe,337,266,12
93cc0cfa-653e-4c18-b4b7-91b622dfab09,Gandhi Street,101,77,1
c75a8074-9593-4f3d-8fc3-5c4935b3c394,Mann Circle,289,163,15
250cd122-b826-4f7f-ba2b-07a4303ef04c,Shanker Path,215,135,22
52623588-33bd-48ab-8771-603f06cc1b74,Sachdeva Road,292,74,23
edffea9d-9178-4b89-9763-34eab8f35eb9,Pillay Street,477,54,21
01a63f7e-f09b-4539-a87e-8bd2ab90e0c2,Devan Ganj,74,42,12
1c3f4e19-0444-42d2-a51d-51269dd82a6f,Nagar Chowk,419,45,11
32de3c3c-d00b-4c61-91be-cd6c3cdbf564,Iyer Nagar,401,210,4
6721b405-1354-494d-8788-35cb08e833bc,Purohit Ganj,187,154,13
e27ec3c7-9844-418c-b682-95928bd8a223,Badal Nagar,218,186,0
99623775-e959-408c-bced-d393c830ab92,Mishra Road,193,158,3
37cb6ad0-1b2a-4858-af63-1753491d31ca,Kapur Marg,114,31,21
98ca0639-46fb-4081-84de-1c2c62c76605,Sahni Zila,428,379,16
adc17be7-c9d9-4776-b47d-6a8cfa48622e,Om,123,82,8
7af12bfc-abbf-4d4b-b48d-45360331e9c9,Anand Zila,274,160,0
f9010ba5-168e-4e80-a2df-f023baf36260,Sandal,431,271,0
24a70566-3510-48e8-9f18-38476fea2824,Swaminathan Ganj,186,62,5
039a7abc-6e3c-431e-a8e1-2201740752bf,Dhillon,363,192,16
e6b44e30-c554-4a7e-b736-1ff8aad704ce,Bakshi Ganj,229,200,14
a528a874-cdb5-46aa-a2a4-22716120cb88,Vohra Chowk,69,20,1
088a88b1-dd75-485b-9270-47f2d2781f5f,Halder Nagar,124,67,6
1a1035a0-e7c7-4b62-a7e1-2c178309046c,Thaman Nagar,140,107,18
bf0d2249-2f99-434b-a097-e230916677fe,Vig Chowk,256,46,7
acb73f7e-4285-4666-b20e-51924f94369e,Bajaj Zila,93,78,12
0da1a432-0993-426b-aace-f35a5816b7cb,Kata Zila,121,73,8
649110d6-feea-4113-a1bc-590b58d44632,Narayanan,226,63,18
ad570e7e-87c9-4f44-b253-370acd7d1dba,Barman,332,274,10
c7293025-b730-42c9-baeb-35b52e282af3,Ganesh,286,187,2
2bbb03d2-6660-4ab6-82c6-6985c4c25bd7,Gandhi Zila,204,166,22
082d7282-4d7f-48f8-9b43-38918c9ce2ad,Srivastava,272,49,23
6d0401fd-f467-4674-b2d9-7741ae251fff,Manne Street,116,51,5
1878f540-5c4f-4484-b931-dc2d679ed9a7,Venkataraman Nagar,194,107,12
3e2c1fa2-41b8-43d2-bfac-d82c79cce529,Kashyap Circle,154,102,17
603ce3bf-1a80-4de3-ac4b-93fb02696a3b,Pathak,114,95,15
b6d6bf39-c582-43a1-9f12-54d19133677b,Mitra Chowk,147,98,20
1706179c-7249-4b7e-95ca-52bce197f524,Devi Circle,58,47,10
3b151676-340f-4c36-a79e-ea5782acf411,Suresh Street,95,42,8
65c71591-2cf2-4442-84e4-a40b3da761c8,Kapoor Road,282,91,17
2f161c16-d552-44af-a873-2f12d9eae54a,Chanda Zila,215,80,18
a5239da7-414c-4aae-a752-6a372d0acd02,Bahl Circle,105,39,10
ae11623b-66fa-4b3f-b112-82b90803e9d2,Nagy Path,148,99,15
e0a1033a-f9f0-4c1e-bff4-f4e050782d90,Joshi Ganj,421,237,19
609c88f0-6d78-4118-bb1d-037e66e12c7a,Virk Ganj,73,41,5
030f9c43-ebe7-4f7a-96fb-6799c7801f1d,Sandal Chowk,360,298,19
965ad48b-44d9-4edb-8669-82823846de87,Mohan Street,340,119,9
e43d6515-a166-4b55-afd2-291f62dafe1f,Kapur Circle,262,52,8
e53f13f9-1f91-4959-96f5-e2c7d78c5fd2,Loke Marg,258,110,14
57589cb7-f1d6-4c20-b360-8179ff8fad7f,Sheth Nagar,427,167,3
afb59f74-28ee-4dc2-a571-b26efb1a4e3d,Uppal,103,54,4
2eeca75d-bbec-4138-b112-37c7ddf47d8d,Jayaraman Road,495,163,9
ba56494b-c473-47fc-ade0-3c5fbe6525d3,Sami Circle,153,72,20
b53dd1af-dc51-4b3b-8d58-e7da515989d5,Agrawal Ganj,348,125,9
ca465f17-8b1d-4ff2-a09b-ad716f1b23ee,Kala,455,269,17
841274b5-c858-4124-b464-c83a56b99f79,Kala Circle,441,163,9
00a94d72-1356-4c1a-91a5-4149739f7a29,Ramaswamy Circle,182,42,1
511b5b0f-d0a9-43dc-ba9b-cdb783a578b0,Kibe Path,297,229,1
24be55dc-5677-4b8a-b5a0-73063acb2587,Oak Circle,327,221,13
97ed6018-6d58-4342-b190-9d9563561d7f,Murty Ganj,219,117,19
4cd417ae-7c2b-49c8-9c91-80f6d097eff2,Ramesh Circle,73,60,19
b5ed197c-eb92-42b2-b531-65508c336dde,Dubey Circle,130,73,18
814d2a0c-5a32-43a9-a8ce-b34016aa82f9,Wagle Ganj,263,130,10
58a1427c-67ef-49ba-9be6-884481b4850a,Agrawal Zila,320,69,1
44e68bdf-2685-4af0-a5ae-594af513b075,Mannan Street,207,135,10
b409e820-1089-43d0-bfb3-670b3c05a02d,Gill Road,415,353,9
e9ecee30-d22d-455e-8d7b-28c96cfa0921,Ram Path,340,86,23
966a50ea-c891-4caf-b001-a22da974279c,Bhatt Circle,447,57,23
5a4166b5-2513-4dd2-b627-063bb20d151e,Jaggi Zila,64,6,21
57f850a5-23f1-4828-8716-48a214c19937,More Circle,264,85,10
b26d1ee9-841f-4aa3-9fb4-e50b9178b942,Hayer Nagar,354,94,0
288edd95-8dc7-4b7b-9fea-4b28873c9970,Rau Zila,420,297,8
0faed71c-d73b-45ff-863f-40ad4dbac6f0,Krishna Nagar,272,156,17
a2eb67ce-7261-43a4-9d80-dc177f2e8f4d,Sane Road,327,198,6
1c75188d-9242-4fec-8e9e-71c345443dd1,Dhaliwal Path,214,67,11
5f7ebc15-5f1e-4c19-8e2f-86fa5ecf6cc9,Shankar Path,254,51,13
11c6fea7-e81f-464b-91dd-f219d7e3b909,Kar Marg,127,102,17
9a756bb0-b429-4a8c-8ae6-a5971237f161,Som Street,376,172,2
53a291a6-b094-4b35-8488-39b5a23bb796,Krishnamurthy Nagar,453,302,10
b19abbc9-391c-40b6-8e90-f442e38e33dc,Koshy Zila,105,72,9
45268b4c-b8d2-4ec4-b493-89cac350846a,Varghese Road,277,63,13
38f03a50-93ae-4ccc-9779-ba5a914273b8,Naik Chowk,315,143,0
6dcc55cb-4b7b-440c-b5ff-edcf5c4281d3,Suresh Chowk,301,257,22
7c2c8301-eec2-45d7-9bba-8b45df1ad584,Mistry,389,155,0
97ba442d-05c5-4b19-90d5-8ae4dc001720,Thakur Nagar,268,215,3
ee36b4eb-6308-4a5e-8976-0f774055c590,Gaba Path,124,56,18
f90346fb-0fb2-4dc9-aed7-1e721a2684e3,Palan Chowk,146,76,10
b4c3a1fa-1bf6-4a13-9352-11206f5fd422,Kala Ganj,473,144,21
22f7ad73-9bec-458a-8e35-a0359ba7452a,Pai Chowk,457,215,20
914a8b44-fc12-4b8e-87fb-9cb985c29224,Patla Nagar,254,76,0
f1619c09-2d3e-40d0-b24b-bc52e37405d7,Dhawan Street,478,186,0
15f69b0c-0c9d-4c99-9b57-8b99c460c885,Chatterjee Marg,367,65,13
c8403d99-7ea6-4afc-858c-0bcb2e2db507,Vohra Street,64,47,17
fc9d9690-dd22-4322-9c12-0aa6cae7844f,Ratta Marg,455,269,14
407ca43a-457f-4685-bc1c-664325cffcd3,Ratta Road,124,42,7
85d324e7-f6b0-464d-b4bd-92d6f8f99108,Samra Circle,454,143,6
8f9fde9a-8702-47a9-821d-0d83f5d6de34,Rajagopalan Ganj,389,173,15
65b08f26-48ac-4bd5-89c7-77a8342c27b1,Kala,338,235,0
b2f6d64d-ccf2-4d25-ba78-f773cc86bca3,Tata Circle,406,111,15
af438940-6fbf-4252-827e-a695af953f54,Chahal Nagar,264,168,7
b2402aeb-5325-404b-8b9b-741470aa7ee5,Golla Zila,206,144,1
6b5eb896-d600-42d7-9e54-22281349b667,Manne,413,202,15
76001f5c-cdb6-4fff-807b-49751f407d56,Shere Nagar,491,386,22
80af6181-7e63-41f6-ab4e-7d7e79fb5bdd,Sule,442,56,10
292653ed-2d87-4cce-87d0-9cc80a9577f4,Brar Nagar,385,271,2
854dffd6-3bac-46ec-a439-0f665d53d4ee,Rau Ganj,377,270,19
d8ab3d36-b19a-4d7f-8a91-c1bafec872c7,Bakshi Ganj,420,96,5
ca184e78-2aee-440f-961f-50bac294fe64,Singh Path,75,11,16
560f6143-2c6a-4e9d-930f-448d1c37e4c7,Sami Marg,341,163,19
6591c4ce-5a8e-4377-b361-4ed27615d664,Chaudhuri Chowk,408,201,19
e4387941-b802-4d36-acd4-f1554963d451,Handa Marg,372,217,14
94b03246-1ff1-4fb6-a584-9f3b1bc7a954,Bansal Path,98,85,9
5e0d63d2-9336-4e3f-8072-bff69441d05f,Agate Path,229,102,15
1bb34266-b1f6-4717-8d9d-7137d1328312,Deo Nagar,424,199,17
c63bc946-5855-4468-a888-d2085604597a,Kakar Nagar,489,103,10
b7402a26-5476-4708-93a6-1969ef96bd50,Bora Path,436,64,22
3a43ebf4-0d23-4e9b-961e-c609745084b8,Barad Chowk,169,128,20
ca797747-8fec-4c98-9ec1-f643c2d45de3,Purohit Road,346,256,13
3bdb72a9-0709-4b63-8013-98ae2a06353d,Sengupta Street,231,58,22
992f95b0-004f-4d18-b9a3-85c92a7e383c,De Circle,270,125,3
5d219041-bc58-4e33-b083-9c8de28a3349,Ram Path,88,44,11
4c651b86-abd9-4602-b3bb-686d25075210,Narain Road,186,108,19
19ff7e77-12bc-4e03-80b0-c2179157df08,Randhawa Marg,288,233,9
dfd47902-322e-436a-b200-0f7190d31ba4,Das,453,78,3
d688ffd0-ec88-4b8c-bf07-01fde9ea93ad,Yohannan,174,149,4
61cd85f5-20a9-4382-86a7-a49babb66ec4,Sha Marg,495,131,13
3447988b-6ef5-4726-a599-c42517ed08cd,Sinha Path,399,258,6
7b7032fd-427d-4676-ab73-7c615c3f7bee,Raja Ganj,476,250,7
098a0246-a2ec-4a3e-aa42-f2f9bf4c3eb7,Brar Marg,309,268,0
09972722-00c4-4a8f-9f75-cca8d36a53d6,Amble Chowk,327,253,7
54eaed5a-03d1-45ef-871a-238671b4630d,Naik,210,91,22
7fca8117-dcbd-4dbb-b050-2a82453298ae,Chander Marg,450,252,9
3360fd8e-3a45-4f12-b7dd-db609be5ccef,Aurora Street,329,102,15
b3fdf902-3bd2-4985-acd3-16d7d01315e6,Dani Chowk,108,45,20
8d4e627d-bd24-4e27-98fb-0d4c679d0c82,Mohan,92,73,9
10c63336-3d27-418b-90e8-63af74efada9,Bala,493,109,11
3462e8eb-5615-432c-a469-53d038543796,Goswami Nagar,165,80,9
fd3528ab-2ecf-4ca7-b6a7-7381db986467,Swaminathan Chowk,265,159,2
717aa173-1211-42d2-9ebb-8659b62de9a7,Kanda Nagar,150,54,22
25aa9616-2c6b-4c36-9266-54487c87cea8,Gokhale Ganj,255,207,6
acbe4974-7a58-45c9-9da7-baf90674939a,Tandon Road,130,51,17
d7249ce4-b751-43d3-9ac4-2db701a900dc,Sachar,170,44,9
05b4105c-b0e0-4f74-b337-0e380cf2ce54,Lal Path,344,253,12
f0f27b00-c874-4f09-b677-d3cd16e48850,Prasad Chowk,95,69,4
363a4eb0-0c1b-4576-ac8a-ecec54ced206,Chowdhury Nagar,165,67,21
72dadee6-a8d8-4be2-8307-1cd3f73c9dfd,Rama Ganj,289,82,3
e21baaf0-ef97-43e7-8cb4-14f9283063a4,Joshi,490,402,1
aaaac0da-f999-4dfe-a93c-ce7556e1f723,Gole Street,165,17,5
e2741d70-a379-4b5c-8ada-b78fb7a15a83,De Nagar,135,40,8
e4b66dce-8fab-43ba-8c15-0ab7643785a3,Tripathi Street,285,74,12
366d0dd6-f539-491b-a3a8-2caede43d9e7,Vaidya Ganj,185,150,22
cb076005-35b7-4eb6-8a37-167670dd33b3,D’Alia Marg,261,173,14
8679a236-7144-4120-89a0-e4c82eb5a433,Behl Road,116,90,2
ddda4c7c-8acc-406c-96e8-0021c032aabd,Parikh Chowk,197,102,12
69867131-b99c-4264-b490-1233446e1d10,Balan Circle,496,392,5
fe71a876-ca31-484a-98ee-326d703fa96d,Acharya Ganj,163,115,17
aa0d1d3f-1d98-463d-b01b-af2b0c941ce2,Jaggi Zila,50,11,13
b151e8a1-47f4-450d-94d4-5fcc37fde8a0,Agate Chowk,223,74,10
d33e9122-4070-4a09-8349-2daf7ce14727,Khosla,445,363,1
35ae218b-f014-44e9-9653-eb0510e1a64c,Raman Street,349,304,16
c3d464f3-cbb5-4acf-9a30-9d4a0c6062b5,Chaudry Road,279,230,8
b11f8d3f-6e47-4780-a2a4-dec12794c35a,Shenoy,91,10,5
1bc678d0-820a-4eaf-9bb7-41c9f7dd28af,Bhandari Path,236,107,8
54aa0d12-8112-45d1-abf1-927e12a7c819,Gupta,254,172,19
74af5d90-5f1c-4cd0-bc78-5e02fe609509,Chatterjee Ganj,168,98,6
35f45ad2-2ed4-4df9-ac8f-3ce475a9c978,Prakash Ganj,436,94,5
eb445b26-b430-40bc-9028-54461dff99a1,Dara Path,126,77,5
323e820f-f4e5-4e3a-9de6-5d2469b80a91,Sarraf Nagar,279,121,0
27c097a9-e37c-41d8-8d76-fd1d80ebea86,Shetty,427,121,9
6d4bd20c-4174-4671-a786-09ee745d6491,Varghese Marg,379,121,20
2360efc3-037b-4fcb-8fc0-7ad2ce8b628c,Gupta Zila,490,226,23
aac47339-7f32-40ad-b66d-54c681f82237,Patla Circle,402,280,13
5f9d6898-b891-4e20-80a8-a261044facc9,Bora Circle,458,94,0
862ee6ed-250c-4aab-8bb3-92dffad889ff,Morar Nagar,380,290,2
a7d733c9-c77b-4c53-a1f0-612d6f70d1dd,Babu Zila,98,71,23
d601f18d-80b6-40a9-b981-5a327b27b6e3,Sandal Zila,226,200,13
46bd872f-6bdc-429b-91ec-dd8819361550,Sarna Ganj,152,47,4
c451efd1-818e-4761-8468-e4011f654e49,Talwar Nagar,351,61,8
c5e154fe-b1cd-4d8c-86a1-507d880b930e,Lal Street,93,42,3
470a74eb-67c4-4bba-b67b-831dd0f8fd94,Om Nagar,105,75,23
6df97d38-96fa-40c7-ae03-a5aa42b11ebd,Shanker Marg,304,69,3
26162101-56d6-4aea-8b4b-c817e2ca95e9,Mangat,307,39,14
32ce6011-1b48-4a5a-a9ed-85a13e712d89,D’Alia Street,66,12,12
152f6af5-5cd1-48d7-827e-e91c224f2099,Devan Ganj,113,81,21
0ad5679b-5826-4831-afa5-93e917583633,Subramaniam Marg,125,13,14
c9b7aae2-5c22-4f17-98c5-985e466552f0,Sem Street,241,149,12
aa943c3b-785f-412e-ab70-5e6ebe922a04,Prashad Chowk,185,124,8
305c3022-818d-42ee-929e-fd3c889d33bb,Dewan Road,322,161,19
469a7960-7f3f-40ad-8fe9-af198e325d14,Viswanathan Zila,185,46,13
f2dd91ef-6a5d-4487-84e5-dfa34278acba,Cherian Ganj,369,119,19
a3af40bb-876b-4fb0-bae8-b60cd1a9ed8e,Bal Ganj,98,66,18
55da2890-608f-473f-aec1-3119228fea44,Bahri Zila,318,250,23
bc392804-f7b7-45ed-bd4d-ffe49bfa9254,Rau Marg,414,330,9
343dcd47-b9db-4903-9dd7-06742a1b3882,Madan Marg,195,70,9
f8707f3b-72a8-480d-9f78-6d9e761c2133,Gera Path,290,199,14
fe08f851-0139-4cda-91e2-43542288a028,Ray Circle,220,182,15
33b9f963-8d90-4405-8b61-342ee3441757,Mandal Chowk,404,317,15
ba81daa3-cb9b-4935-83cc-0544b5c10cc2,Varkey Circle,406,98,6
000049b1-e38b-4a05-86f0-fa3ed95f3289,Ganesan Nagar,419,131,12
9055c0cc-6239-46f4-b665-29a58ea11027,Bobal Road,146,102,15
2673ed17-7c70-4921-9d31-f5b7b64ee4c9,Rout Zila,404,279,15
f8c7dae9-142a-4c65-9c83-e245fc3c0c52,Sathe Nagar,395,299,0
0de00865-dfdc-4d35-9d40-1c436e5ca9f2,Bajaj Street,301,173,1
616b6af4-df6d-4d6e-ba69-71e91f8b83b7,Warrior Road,284,46,13
20ab58ab-5404-437b-b772-adbcef67942e,Chandra Zila,104,39,17
72f25472-b5bf-451b-91a1-377a5938564b,Ben Path,263,169,4
c55c0742-2559-4532-809f-8cab7c581c6d,Savant Path,353,141,12
272d417d-bcd6-48d7-bff1-0e9dbf057f5f,Buch Street,320,232,0
b8213762-1abf-442a-87fa-2f5b426376af,Gera Street,93,17,13
3dc7b9c0-a8d3-46ea-b654-08eca3add762,Mangal Road,270,149,19
e3a62be2-9fd5-4529-988a-44a2cc3ca86d,Comar Path,356,262,22
2a625810-5b0c-4f35-99ab-f9b0ee363bac,Agate Path,157,61,23
68cb8774-cc67-4e5a-beb3-e1d0e1021480,Seshadri Path,407,359,7
7f7cfc93-997a-44a4-93c1-9e7cb09ddf3e,Thaker Nagar,378,155,13
f52dbbac-83eb-49e2-9978-af1521d0a6cf,Andra Circle,457,257,0
a19882f3-7106-496e-87dd-f35e3b0b67ad,Dora Street,388,250,13
524b2c6e-ef3f-49d4-b6a1-33b7d9755fda,Chopra Ganj,56,13,17
55ac8b71-02df-442a-81f6-7cf965e5fb5b,Edwin Chowk,410,113,7
9502564b-e521-406a-909c-c23ed92da1e8,Thakur Chowk,147,71,17
5b90a8ca-3538-46c3-82eb-ebbfa7fac43d,Issac Nagar,343,184,9
c7d1511d-41ab-457c-8516-4d5976059fb6,Lal Path,382,282,0
0b8e6037-34ce-4107-999a-360637cde867,Handa Road,98,74,13
640b3c1a-e701-436a-8abf-a7b86f802e9b,Chatterjee Ganj,191,43,15
ce814d36-1bf2-4dfc-92e7-60ad7d2e7f73,Chaudhary Circle,144,83,6
1204025e-d602-42ef-aada-a7cbd14fc9fd,Mangat Street,165,144,18
a1199e89-aa6e-4d18-b80b-417823a53711,Shah Chowk,489,163,7
a449c12d-a235-4a96-b658-3d993069b0e6,Prabhu Circle,274,138,8
94d2a8e7-69ec-464b-a386-f1535ea01798,Kaul Circle,271,154,16
38149054-693e-4a6c-8ab5-913706eecf70,Bajwa Path,94,10,12
9e8ae018-797b-417e-8db1-ae32c93875b4,Batta Path,84,13,7
b4831e73-9fea-4d1d-b375-eaeb8fe3ef99,Halder Chowk,187,126,19
73cace6f-88f2-472b-b405-c9dd9293301d,Khurana,304,256,0
f7443ed3-b1e4-4d8a-b1a2-45fe87040611,Chakrabarti Path,270,135,4
25dd39ac-abd2-4466-8568-c330fe42c015,Chahal,243,62,3
8f5611d1-4bed-458c-9ca4-5a5224ca7ba8,Basak Path,89,50,23
be2333bd-c3e8-499a-87fa-c5498df54679,Vaidya Chowk,362,123,1
050ca3d5-8246-43e8-aae4-569fca3af100,Bhavsar,386,230,7
7cb535b7-22e2-4c84-97f6-a5974a5f8961,Sastry Path,223,147,7
3d779242-1e33-4932-984a-08aa65cae70b,Doshi Circle,448,64,20
658bfdb5-e355-426a-8538-1c08d389f3c4,Brar Zila,387,257,18
27f8b855-da97-4ba5-9902-4777eaf3953f,Ratta Chowk,325,224,18
16c2ec97-1904-400e-9862-9648271f75bd,Kohli Circle,448,235,1
21c28b3c-a2e2-417a-bc90-ee8542dfd6d6,Nagi Marg,254,47,21
6471918c-55c6-42b8-9940-b34a1a4bc502,Edwin Nagar,168,58,7
c44aa943-7e83-48c6-a8cc-fb3f9b7b9877,Bobal Ganj,92,11,4
88b4b0ad-27af-41e8-b5e4-2f2f1c6cedb9,Prakash Road,465,235,12
b710c56a-b780-4de2-94d7-a3db7e27ea4b,Viswanathan Path,473,287,13
7b736927-79bc-4c11-a25d-c634668716a9,Pai,486,259,6
2dbb109f-e032-4f4f-bd63-7d97ddc17527,Balasubramanian Marg,359,84,5
ee0908d8-831d-432a-a910-274c185fa379,Datta Nagar,316,96,7
b951fc17-b023-4831-a5a3-a251af0f2336,Pillay Circle,371,215,11
878c0c5c-411b-41c4-9df9-c0eb9f2362c1,Ramanathan Nagar,304,90,22
1cd45ad2-d2de-4ec3-b2be-aefd63545f8d,Dey Ganj,333,181,0
9f89ff1e-1acb-4cda-88cc-84fb2e50a05a,Misra Road,412,206,22
521511f0-d936-4394-aa07-21fba2c9d96b,Choudhury Marg,342,167,16
c55f297c-cca8-4fbb-ab39-85194389ad44,Behl,68,7,21
3e29ef84-341b-43a2-b03b-e4ba0e9db4a1,Mane Circle,98,22,19
b7411385-4269-4ea1-a83a-3120a13b4573,Puri Circle,415,340,9
ddf4dd43-d221-491f-ba93-8d8c045c912c,Devi Road,152,136,18
4f4eacbf-6746-49b0-b64e-456a44c66af0,Koshy Road,67,31,4
295f9166-7b48-4df0-8d47-68d0596e69bd,Khare Zila,421,348,17
cd1e4202-8d80-4e5f-ba0b-2883cde99808,Contractor Zila,155,94,13
312c5ff9-cff4-41bb-b899-90f3521b069c,Dugal Nagar,78,24,21
150a97a2-6d79-4066-b1e2-cb7f8b24253a,Sachar Marg,390,226,23
984dd8e5-62d6-4397-877e-9fec895b71c4,Dave Circle,499,381,5
42aafca2-4a70-456b-982f-9577326740cf,Sinha,401,349,9
5c0e49ae-1161-4534-9eab-9ea872be453d,Banik Chowk,296,46,19
61c63f4f-c804-42c3-8964-d6b0c5f7d66e,Bhattacharyya Street,115,88,11
1afdb982-7a20-4014-ac5b-86a72def400e,Sundaram Marg,367,241,12
f3a8ca9a-1832-4cc4-896f-021c6a68f8d8,Tripathi Marg,186,28,20
c963f5fd-126e-4ba6-b104-53f0557ac8b9,Bail Marg,258,222,2
59bf0555-312c-430d-b4e0-9228deaf6ed4,Biswas,348,92,1
7e961be5-9d7b-444b-a092-67e97736002a,Thaman Street,358,242,2
327fa521-854b-4b0a-9a7d-51710c39430f,Memon Chowk,224,103,20
bda9d4b4-06e8-4eb2-91a6-d279281a9302,Chadha Street,270,161,3
155f337c-553c-424c-a0bf-1e269810ba11,Rastogi Chowk,413,261,5
5a15a42a-014a-4791-a189-e8ebf43b9677,Contractor Street,153,80,6
551e6217-e0c3-4683-a2ce-961253848b12,Kar Nagar,293,208,10
6dfa4a84-da59-4007-a474-a14fc65785e5,Bera Ganj,416,321,21
f5e847c3-0792-4110-bbe8-7812783214d1,Chaudry Path,67,53,1
9d2ac5de-3ea4-46a8-8309-49b49830dedd,Thaker Marg,346,249,23
e7678790-8d42-45be-9f41-5dd773a0390e,Ghose Nagar,57,39,15
e90302e4-8d24-4b2f-bffb-54107032eb1e,Kala Ganj,430,273,4
0a55253a-c0c7-4cbf-b310-fa66e433a9f3,Halder Road,414,264,1
0f33891a-1e11-4bc5-990f-293a9a950ca8,Kara Chowk,196,67,21
92a73b89-cba4-4f02-9e16-b636c3ca30db,Dixit Circle,193,44,0
f1d80e51-be1a-4427-a5ad-6eb09cb5eff4,Soni Street,74,41,16
7f76072a-be5f-4207-a5a5-c6a030258708,Sarna Road,112,12,13
64c14586-2a15-4aa4-aeff-3c3b4e010998,Kuruvilla Circle,274,144,14
df28cf11-3c40-40e2-9b83-8743ceb2f3a3,Sahota Ganj,449,226,2
c5193150-c6a4-488d-b61d-b7c1fc6b9c3e,Chacko Marg,80,44,6
81220e19-1e58-4dc4-944f-db064f92775b,Modi Circle,309,230,15
aa36423b-dff1-449f-bc3f-d763a566bcc2,Bains Ganj,302,157,0
3547d1e7-efa9-4eba-93d7-8fbbc498e8d5,Majumdar Road,163,115,13
f4e3c469-42b7-4562-9fff-357cf0b156d7,Kuruvilla Zila,251,166,21
fcc2e4e8-dd81-4066-9536-4aa3439010c3,Sami Street,266,188,9
5861dfb6-7500-444b-9e9d-95c69bab3421,Dube Street,219,71,2
84703af2-6855-4077-bc37-aa64e5ce5dbd,Patel Nagar,97,54,8
268e375c-1fca-4bf3-bb5f-4fb9ed3b8ae5,Mohan Ganj,220,90,8
0ee50523-6338-413a-893c-d1ae5c5b63f6,Garde Circle,71,26,4
222df360-0749-49b8-a2c9-3695d5c4dd07,Sarin Path,478,294,8
b5d5bb25-2823-432a-b8d7-3a248e03f66f,Dar Ganj,284,212,17
3c95ae1b-f8aa-44cf-b344-b8b9742a1e9b,Tiwari Path,155,37,12
a9ae0c2c-4dd1-4ff5-840f-31342cf7d3f5,Nazareth Marg,185,105,22
39edd2a1-8fb4-4f8e-82be-afdbcb14ab08,Chowdhury Nagar,107,30,3
dcaa11eb-9dee-40c7-8029-938740224b2d,Chakrabarti Road,122,73,14
88e7a882-9ade-4dfc-bbd0-5144fd9a0250,Prabhu Road,123,87,10
8c530275-7c52-44ab-8cc0-6426b64d7cb6,Sachdev Path,298,193,18
c6aa53c2-d0f7-4b1f-822f-34a24932fec7,Bumb Street,172,102,21
23fa1322-1fb2-4b39-bc1c-af2d57bf919b,Bora Marg,173,42,22
6486d2c4-7567-4531-ae7b-a9c741fbb034,Borde,385,262,22
ee341f10-5e03-4054-8a9e-fb6fcf2dccd5,Saini Ganj,411,193,7
419b18a4-a029-466b-8d73-6f8a3d388ca9,Bhakta Road,485,269,20
cce313cf-32ab-42a6-a806-a95e683977dd,Mahajan Circle,133,44,10
c29d948c-5acd-4fe8-b8f6-a425ed708df2,More Nagar,258,166,11
e39497b3-3eca-471f-8d1e-23074e48895e,Andra Zila,309,121,4
4ffa24e7-6e48-4bea-834d-191bf5980770,Kumer Path,306,197,15
4f9801e9-aca5-4078-8857-2dad593719f8,Kapadia Road,50,26,7
cc359f62-d95d-4060-a0f3-e2c04b7b9923,Manne Ganj,401,240,4
4cf0f04a-f632-40eb-b024-9a2c09e26763,Pall Nagar,421,312,11
b38127c5-725c-4cc3-acb6-364d5cc8485d,Bains Circle,487,113,3
42ed45bc-0766-4030-b2a8-706dfa03ca9a,Acharya Chowk,258,105,14
d8654bcb-8dc6-4b00-bf22-c47846b3be6f,Gokhale Ganj,482,292,19
4cf0f974-006f-4c46-bbd2-ac8a3d57e1e0,Dutt Ganj,371,234,3
cdb17df7-c5cd-4c4e-b1fb-d004a1d85896,Loke Street,162,91,13
17f1ae2a-8053-4197-855f-a5c76d72d89f,Apte Chowk,250,191,1
31b62ee8-5c39-46a9-be74-353f91942008,Atwal Circle,191,25,4
1b3ddd6d-1d04-4d6a-ba5e-631b69c46639,Raghavan Nagar,155,84,9
e70210c7-6fcd-4c8e-8c66-2c0288321cd0,Pant Zila,190,132,2
05d39cc6-4631-44c9-9f80-c828f6206271,Gupta Nagar,319,46,19
28d59d45-978e-42c1-9793-0259ff52221a,Gupta Path,59,29,23
9e7c27e9-2118-4329-a74a-bb0b7b39f8fc,Comar Road,471,167,0
877e354c-a893-452a-9353-da5e98bc2217,Pant Marg,110,60,4
59b5e273-da61-450c-bafc-6dee224c579d,Nagy Marg,268,122,12
94d8b18a-70fe-480f-9e65-2100a4fece7a,Behl Marg,364,205,13
f59e0a5c-db2d-44b3-aa8d-6bfa28915cb2,Sen Nagar,453,56,14
cee61c70-dcbf-4c0e-aa27-8831ccb8634a,Sami Path,183,113,3
a74e9078-a3cb-4d54-a524-1ec1e0b5ed17,Khanna Road,383,82,7
d864995e-c574-4785-b9aa-6903ded4e0c0,Dasgupta,65,57,5
d16f2f62-e9ab-4d57-96e4-50e81dd4c111,Tripathi Marg,186,88,1
e913a337-4964-4478-ac55-78837d12b5ee,Koshy Ganj,357,235,15
a3b56d64-63ed-4285-b1f6-eeeab4efd6e8,Sehgal Marg,120,52,9
01e53880-f4a3-490a-8c4b-d732c280060c,Bhatt Nagar,117,98,9
6c052992-673a-4f54-8faa-474f846c6da3,Modi Street,170,84,7
8fcd3663-4dac-49f7-ad07-b0e3615a065d,Kari,124,44,11
df59d9f2-564f-494b-ab87-d2d597c6c2eb,Kata Zila,359,284,6
00290026-f6b6-4520-8034-144973804bce,Dube,338,109,14
77f81296-e30b-4dda-aab5-53369ca6d6f9,Prabhu Nagar,142,92,0
715d1726-3e4a-4e65-adb2-434453d7f20a,Dugar Ganj,495,78,14
30580f7b-f69c-49c2-bbb0-5f70b47d1ef5,Dani Path,450,52,21
f64c1f1f-8cfb-462c-81e5-8c0abdf28831,Varkey Zila,242,131,6
a1fd3595-c384-4496-b0fe-43289963b94d,Chandra Road,86,15,12
4e40b7f9-4376-4b27-b05e-c356f0dbaa3e,Choudhry Zila,86,22,1
f8cdbc56-27e6-44de-81e0-33e25e80c1fc,Bajwa Road,190,63,23
d41a079c-b3ae-4fe0-a1ff-2440e916501f,Batra Ganj,257,74,3
29b58e78-d1f6-4040-ab56-4c5330054a84,Patil Path,365,252,23
db1be0ce-9895-4842-89f1-bd9d19886b82,Uppal Zila,425,147,4
81adbb3b-49be-49b3-b47b-65dca0c17a83,Suresh Circle,225,26,16
2e786490-3bed-4f95-83c4-dc1c1985b267,Das Path,272,134,17
b99a4aba-2251-4d73-8598-373dc96494a6,Karan Street,206,155,16
dded97ad-d79e-4b6f-9037-813d09b30048,Om Road,81,25,22
db8270f1-6065-4c48-a49b-ffbad50d7cd9,Dua Zila,138,75,3
ab9d0b5a-830a-4056-897b-867202529722,Bhavsar,136,94,13
af3ad820-5701-465f-ad79-f64a1ab615fa,Chaudhari Zila,248,95,7
3bc27a9d-66ac-4a10-8997-f1eb9147c0f4,Kadakia Zila,83,63,19
3918f251-f89c-4385-83c8-bbdde47c7872,Krishnan Zila,286,134,5
79f8eb1a-2dfe-4c61-9e0f-1b3a3f3e05b2,Ray Street,359,291,13
33c7ddef-5aa8-42d7-be1f-3be8a5a259d6,Dhar Ganj,226,190,19
827ff7a7-ca2c-4588-932f-fe868d493db9,Tank Nagar,221,41,20
ea333ab2-06a1-4e5d-82de-7735a328d601,Edwin Ganj,279,197,13
1cc04073-ccfd-4536-987e-ef8540f3fda7,Sathe,346,180,5
46355e49-5356-439a-bbad-30128c5d6f18,Tata,226,100,3
a6f0fc91-46f5-4b6a-8289-cc309e061e42,Ben Nagar,271,30,2
af6f9cdc-7736-40b8-90a9-0db129023afd,Golla Zila,164,50,23
5df50ed7-1222-4e02-99bf-4b345dbeaebc,Aggarwal Circle,457,395,10
c327dc3c-8f90-4efe-b37a-a57898bdcc67,Arora Street,439,238,22
bf21e5e2-19a5-4f95-8fde-e4317a7f031d,Dube Nagar,221,157,23
145dd212-de7e-4b5d-8055-4b865413293a,Chanda Chowk,131,70,21
20c869d3-0bc6-47bf-8fb9-c1cfd90adb15,Dani Street,108,52,15
e20c6a65-e4a0-45e0-bfc7-751bd536c5a7,Sami Path,181,129,19
76b8c51f-0dff-4560-8dd0-4adc0ba4c66b,Lall Chowk,199,63,8
364d02a4-a1d3-4ba5-a7a1-9f540063a46a,Jain Street,266,97,4
40a983ae-b1f1-47f1-bddf-a928ea33bcce,Sen Nagar,495,166,10
e81ff7d8-9d16-4b18-b812-9e001fbea236,Dube Street,148,107,22
40a8c39c-58bc-42cf-8d90-dc4d0844dae6,Raja Road,414,261,20
e92ae3aa-0d3b-43fa-b208-9a24693758a3,Bahl Zila,273,147,1
a6553485-256d-4a31-872e-5e7c324088d6,Aurora Chowk,369,113,15
7c5aa093-40ed-40a2-8806-fc1eeba97975,Chaudry Chowk,144,16,13
0bd385e3-defa-4521-92af-07ecf9002b74,Lalla Road,295,158,2
2d7b258b-28aa-4521-a726-87f146dee3d2,Dasgupta,416,157,16
944a40eb-fcdf-495d-bc0c-4bcfe4e7e4f1,Manda Marg,490,131,1
69423272-8450-413c-b763-f67bd265bcc2,Dash Street,326,114,16
b733e498-3da3-4808-ae07-eeec41472990,Ramakrishnan Ganj,137,96,22
621bb9fd-a189-48b0-9519-182fe0677ab4,Bhatt Marg,103,55,21
e0cda4a4-818e-44bc-b5c3-5de4244aca8c,Parikh Street,132,34,20
272a9e3e-a17c-4cab-9f15-70116dd80c41,Mangat Path,402,276,0
9718bb4a-8bc9-469b-beb2-32bd17f1a34a,Sarma Marg,61,28,1
df9b992c-ec45-472d-91c6-c165e32c2c14,Rau Marg,369,310,23
e453173d-2da8-47e0-a414-28059deeceb1,Bhatti Circle,455,111,5
ab3923e9-4dbd-4f8d-8d65-2676f97be21e,Gopal Road,66,49,7
754d4c0e-32a5-4aff-a78d-0e09c0a95904,Gulati Ganj,433,350,23
cbc92928-e18b-4035-afe3-5c2e75ed8ee0,Soman Chowk,474,62,1
72411b2a-5fec-44a4-a05c-972b25cddceb,Basu Path,374,198,4
4bee1074-41a8-469d-be9c-70841bc50073,Som Circle,192,139,13
4e3cfc78-ad42-4e1c-b1f4-c90a6a5c102b,Bains,138,71,0
a309037d-b530-47fe-b573-98ed18fbcbba,Gaba Road,341,159,20
6f1a142f-1fc7-4486-a4c8-4f83ddfd4861,Reddy Chowk,362,125,15
96bdbef8-53aa-4161-96b5-0bd9fec1bad0,Choudhury Marg,441,63,19
ad7e4594-05be-4f65-98cf-35c289d46931,Mani Street,443,139,4
a8f86a13-fac1-4f1e-95ba-815708597e09,Parekh Marg,257,53,7
09927975-79a5-4ed5-8102-c1352d2179ef,Sampath Nagar,185,32,9
d3f7bfe7-f824-41ab-badb-0e6af8ce9dfd,Sant Path,221,42,1
86dd4b66-0468-4753-8b3d-a89f3a3c2056,Gour Chowk,86,45,2
bdc90ed0-eefd-4ade-b2e6-84dbb31b7cc0,Bali,446,281,9
0aae47e3-d656-4de0-a901-b8aa9f4a7de4,Sandal Zila,499,198,22
fcd18568-97d2-4cfa-881e-6e2bbbcc10cd,Kunda Street,147,115,7
d3ccfa42-0044-4acf-a404-e06462de2bea,Issac,97,60,12
68508ad6-589e-4e03-94cf-9010cef90189,Shukla Zila,207,170,3
9a9a0574-535a-4b4e-b4b1-ff42f825100b,Srivastava Road,469,384,16
e8380453-e97e-4031-9056-6980d8fc3480,Nazareth Circle,273,106,7
99637c82-ac09-4a36-837a-c3ae76a4a31e,Bandi Marg,184,97,12
2d33a146-bfe7-43cb-8036-a4ca1cd51956,Gola Zila,461,255,6
48550db3-eb9e-4a1a-b30e-5b33e9ec108a,Sagar Chowk,384,239,17
d56fa93d-35b7-4333-82a2-9251e7ebf740,Kulkarni Path,287,32,4
295c4759-5cc3-48e1-8584-badaa7450fb6,Dasgupta Road,69,24,13
6427c75b-7edb-499f-91b8-7428b602a7a5,Dash Chowk,385,201,20
612bf9b9-7f39-4288-b0a7-cfdc4703fd80,Singhal,242,32,1
2eebaaf0-2a8f-4a44-a436-299038b5bbd9,Bhasin Zila,209,60,7
b3c092d3-953b-4431-b402-7ad4090121ef,Swamy Path,163,32,17
49b05bbd-2f52-47e0-bd91-644d432e1409,Bhardwaj Path,306,244,7
31792252-c791-43c1-8b4e-ce983eec659c,Lal,314,243,22
c4e1a608-a8f3-49ab-986c-2ce3cccefedf,Bhagat Chowk,80,45,1
8b688741-7b9c-4bf8-9991-b8251c1f9ca8,Nagarajan Chowk,432,302,1
35943256-4648-4673-8c5b-fc477c2f46d0,Gokhale Path,496,167,3
23d3583f-3e9c-4e70-8e96-d71c458f0534,Mann Path,431,70,20
e76f9410-8ad4-49e2-9976-5040924f90f2,Lall Path,84,27,12
84e5b053-104e-4adc-a63f-fa62baca32ca,Anne Circle,487,426,21
749e14c7-1e50-489b-bfb8-b4113b86a12c,Deshpande Zila,129,47,21
bfe81261-5f2e-4e71-9b98-3a1a11275f24,Chander Ganj,359,63,18
7607576d-368a-4a93-ac01-a40a0649df01,Handa Nagar,485,406,21
9a71cc33-d3b9-4687-a514-aff305721a6f,Nadig Zila,365,321,8
4012cfb4-0cf3-4a66-8907-a02dd3bf4813,Bhandari Road,401,169,13
3f57dfb0-51cb-4908-bb7b-abbcd785e77f,Narula Nagar,307,43,21
bd2fbeb7-7b79-4a22-8091-0d1cb5cc0323,Som Road,235,178,22
07c31f87-b6fb-424e-bea2-63f1464ce8d8,Mandal Road,264,219,2
3319bdfb-4fea-47a3-9038-29430c657de5,Pandya Circle,76,51,17
930aae41-838b-4976-b278-70536402f200,Hayer Road,307,233,6
b70011a1-4569-49f8-a0b2-46e7e7fd6a1d,Balan Marg,359,81,0
0e1b4a22-2621-4bcc-9431-cf8a97c1655c,Gade Road,214,152,0
dd22a08d-9e53-40e1-8e90-33063bf18f66,Pau Zila,393,168,1
68d98273-2923-4843-b851-097759b176f0,Narula Chowk,386,146,17
0a132254-a133-43e2-b6e7-8785e23ee050,Narasimhan Nagar,331,162,16
0609162c-5a4c-4a14-ac1a-c0a8e219ba6f,Sankar Nagar,158,22,13
ad9d9af2-d107-4187-b295-98bcd0c84188,Saran Circle,353,313,11
8a1d9239-29e6-4c9a-abd4-20ad014bcafc,Lad Nagar,474,283,2
53a69aed-3491-4990-b8f1-d77d018a8e5f,Varty Zila,122,18,22
0db768a5-6559-4512-8f7f-6864ad7dee62,Majumdar Ganj,62,38,8
03d468c3-48ab-42c6-8ee7-199dc9064227,Keer Street,389,39,12
a8c037e3-df96-4d6e-bb5f-83a7e2792d7d,Bassi Circle,486,221,22
4323e503-ef01-4662-9e0c-0419c5dccce6,Comar Street,377,336,21
7d8f9bdb-ad0d-4808-b7bb-6cf6753359e0,Parmar Street,336,33,6
f0b68cce-ecde-4891-b505-3ab25d223b5d,Uppal,166,45,4
372281d7-20d7-4aeb-9411-ff8d2b982996,Sawhney Nagar,72,51,21
4a199db0-9d5f-4a93-b4a6-a8e192b42785,Jaggi Road,313,80,3
a7594897-d35f-453f-93c1-da3d93e33583,Amble Marg,181,106,23
0d84f696-6740-4fc2-a971-ad16dab0c7dc,Grewal Ganj,456,82,5
9f008785-88df-4dcd-bea1-c4c1513cf156,Varghese Path,82,29,0
bc8311e2-5ec7-45c2-8283-7a1a9d798f3c,Bedi Chowk,433,83,8
bb9c75f2-e899-4279-9743-016e1e99e5c7,Chopra Street,470,365,6
5732bafe-e9b4-46cc-a425-068de6da2422,Pillay Street,157,18,5
a6d25aa2-0088-484b-9bcc-30deaef39744,Kara Road,309,48,23
0e68dd44-4fa1-4c55-9e4d-49c1933c4094,Balan Ganj,393,333,11
ceb9f47b-7ed4-4ade-9711-f56d863a9592,Gandhi Marg,474,73,4
c881155a-9908-4113-9c5d-8af1f3266268,Nath Ganj,153,132,12
4f897ebd-61c9-4777-b194-5ab2fcb302c5,Gill Zila,415,339,11
4e6af650-8de2-45e2-aaff-6d7bfff8dc0e,Hari,370,37,6
fb1fba81-7d5b-4cda-a6c7-bcaf0f43a772,Nagar Road,295,258,15
d9e55b74-0176-423f-9b83-babd661e1a3b,Lata Ganj,290,216,23
bd4bb4c6-36a5-44c6-9232-636e7c6bb779,Baral Marg,194,125,10
17062d6d-4559-4c5c-a290-93a980e97ca6,Borde Zila,99,74,8
31a8f248-1736-48f5-8341-9768f9219890,Natarajan Street,222,105,4
f3e9a87f-edaf-44cc-8e58-e961f78cafa0,Khatri Street,119,16,17
9f6b9632-3c7f-4a06-a220-297b9394679a,Lala,270,170,3
42e4cfc3-0d19-4bdd-9aaa-c270404e3941,Dave Path,304,264,4
0a8baacd-8838-481a-bf2a-46163553a3a1,Dugar Ganj,458,153,12
88d350ff-2f86-4b6a-bb05-889a4b01c2fd,Luthra Street,314,83,15
5a3a7ceb-6edc-479d-9965-57ccb1a95e65,Narayan Zila,239,133,2
55146108-1b85-4bea-89a7-f796fcf23935,Sandhu,250,147,12
e472208d-a115-4c1d-93a7-0487fe894e98,Choudhry Chowk,86,16,20
805d6b27-f100-42d3-aaf9-1fed5667fa90,Keer Zila,206,44,10
eb25755e-bde9-4aa6-b81a-db5ee4b4cea0,Borde Street,166,122,5
9dda8864-84f7-44c9-8882-381d7ff77f15,Parmer Chowk,113,80,17
70c5a857-dd37-439a-b1b1-5f9f7713f508,Sodhi Marg,222,62,0
05d73fbb-f482-4f4b-ac1a-4d2157d8dc21,Khanna Nagar,290,64,7
13db2ad4-e940-49a9-86cb-b88a23b3d2b1,Ravi Circle,402,250,4
b9b95068-c7a7-4e55-8a5a-a7460281089e,Mall Path,441,333,9
847a627a-faa8-4c53-804a-ca5cf0b32e35,Sarma,492,118,14
3ab55c3e-5853-4617-bd06-104dee513fb8,Walia,274,48,21
24aa26db-ddc9-421d-99c9-069ab28e79f6,Grover Road,360,76,9
74795b14-d779-4fc7-86ab-3de7f8a7a8cf,Kant Chowk,131,113,23
1c962c7c-d205-46b9-9a04-c0cac8b75457,Deol Zila,59,25,13
185ddf8e-01aa-4ba1-9e41-5ce98a0a776e,Randhawa Circle,210,72,11
aae4ba8b-3caa-4f2a-a3e2-f588908676e4,Kapur Path,187,23,11
67d9c307-a16e-4b73-8635-f3c18ce1ea3b,Ramesh Chowk,166,26,6
a0a6a249-a210-4061-91ba-14c7b881cc54,Seshadri Zila,272,174,11
13472a7b-aa7d-4c16-b40e-51312e75562d,Dugal Zila,89,70,15
690612e1-ba9d-41d2-ae1a-f5cf3a8339fe,Bawa,263,57,16
79fe7d1c-2af7-4ced-8617-109e3c099ad2,Nath,436,158,5
