road_id,road_name,road_type,length,lanes,speed_limit,condition_score,latitude_start,longitude_start,latitude_end,longitude_end
157c1f0c-6159-4fb8-8e04-e54a909b9054,Road_1,Local,4.98,2,60,64.5,13.053130381174908,77.51336380596456,12.982389875300212,77.68121854887409
e176302b-a833-4f80-ab6f-49ad83b2ec4b,Road_2,Local,5.44,2,40,44.7,13.051355024419243,77.65466229065976,12.905908848448178,77.507531945315
d5579482-6310-488a-b385-a29822481be6,Road_3,Local,4.35,2,40,76.6,12.966551825368326,77.56210523238144,13.058913394661337,77.6783812112324
74215da2-80d8-4069-a1c0-b5b5705937cb,Road_4,Collector,5.53,2,40,81.2,13.01149172853687,77.50320937989655,12.971253890042307,77.5503047610621
c0996ae2-bc2e-46b2-b591-934734066c11,Road_5,Local,6.04,2,80,49.5,12.944438686719005,77.66901333273907,12.917651175595767,77.57154603886138
bc081342-a2a8-45a0-99b0-e000fb2c00cd,Road_6,Arterial,7.15,4,40,98.3,12.996730714183585,77.5082800813717,12.945592729558436,77.50371007512832
6742d9a3-f632-40fb-ae10-d8286fe5dbf1,Road_7,Local,7.64,4,80,83.1,12.966840227632701,77.61831189888456,12.889959122829108,77.55693591712753
5464710a-2498-4275-99f2-ec4fe0680af1,Road_8,Collector,6.01,4,40,56.6,13.04739246380786,77.65611657988131,12.948678808818784,77.63747766385717
f57be237-1af2-4d6d-ac4c-2307fbf5d38a,Road_9,Highway,2.45,6,60,60.0,12.981396540858205,77.54382695875364,13.060598208690038,77.66225295087017
1f40ebf7-e284-4ae8-b3b1-95c49857fcfd,Road_10,Collector,3.0,6,60,69.7,13.052971664479912,77.61419452063495,13.039700747942158,77.53689667886408
536b5e59-d292-4754-895b-8e28c32338c3,Road_11,Local,6.34,4,40,40.7,12.887179491501474,77.58571680631992,13.059163498016941,77.66288189406737
5219ede4-f42a-41ee-b904-4ac774e042c9,Road_12,Collector,6.19,2,40,71.4,12.881032637868428,77.5135029822297,12.876429195072978,77.68248050441724
df97f615-ef15-4005-8ae9-1352ebfa6747,Road_13,Local,5.25,4,40,68.4,13.028893716274387,77.55367443398488,12.874145741436779,77.54959562303505
82652fd3-2cd5-4dba-b52c-58d7179b56e3,Road_14,Collector,5.43,6,60,48.5,13.061731643729708,77.51540217935563,12.926678649706567,77.62769913541345
44e3fad6-209c-48f5-82a2-a27624c34fe3,Road_15,Collector,2.35,4,60,61.7,12.991146885497377,77.66283362088701,13.017085635882788,77.61616811940608
8474bb1c-edd1-4449-a0e7-b3a37b402e91,Road_16,Local,3.01,4,60,56.4,12.910460810372102,77.65528037619256,13.035051856406616,77.61065422021152
5d742d36-a0ba-4207-80dd-3a1811d9dddb,Road_17,Collector,4.14,4,40,64.7,12.967742243391033,77.56005490118069,12.898777680267058,77.54232180416813
ae6f9a64-7346-4316-8af6-47496659aa35,Road_18,Highway,3.82,2,60,79.6,12.883611440270005,77.66373698841761,13.032980457020141,77.52734473867476
62b3429c-00e9-45d3-9f8c-903305123a6a,Road_19,Local,4.82,4,40,54.2,13.043934650878516,77.62135649875518,12.951058682929197,77.6006364837508
19ff12d9-5f70-4750-83c3-84d613d152ce,Road_20,Arterial,0.5,4,40,60.5,12.948657012040218,77.52059039534231,13.011332885629947,77.50983722440827
76fb6fd1-fc98-4b9c-bb18-562d87fcb167,Road_21,Local,6.18,6,40,60.5,12.877619309360274,77.51439411285413,13.027268394014255,77.53119858266133
0ed08f5f-660c-4d7c-b18a-9dac9b5f43f7,Road_22,Collector,5.26,2,40,76.0,12.930123875316468,77.64892425742218,12.875626242521612,77.53817073867607
277f23b6-32df-4f5f-8702-d563a683d73d,Road_23,Local,4.43,4,40,64.3,13.001798293788402,77.52348993032201,13.057941219317586,77.63765841411993
f41d416b-7ed2-4ccf-b93f-4b025ea7daef,Road_24,Collector,1.99,2,60,64.0,13.050305007308163,77.56724084675268,12.88435365955562,77.66421174905474
7866c077-b9a8-42ea-b979-e6bddd6f4ca9,Road_25,Arterial,6.26,2,60,71.9,12.974891082778086,77.52319044257491,13.000955309947445,77.54164152898915
c8d4682f-34e4-4b00-9020-ab803c89e289,Road_26,Highway,5.97,4,40,78.8,12.893714272835371,77.68243260742136,12.908845578375844,77.64933137563376
f9648aa4-1be4-4d38-9767-3a9b7100f6c4,Road_27,Collector,6.66,2,40,95.9,12.967753539612136,77.58516207980719,13.071371825467644,77.64945293300653
c70bc46a-ea26-48a9-93d7-213bbac87eb4,Road_28,Collector,3.62,4,60,63.7,13.022812016573695,77.58949454205481,13.027647255319627,77.6409340598838
810da6d4-c9be-4210-bc89-388f97090f9a,Road_29,Local,5.74,6,80,69.6,12.98993422045642,77.58531261531981,12.902977241426367,77.55785109581177
e4d9faf9-718b-47b6-a802-74ea0d9c5d75,Road_30,Arterial,4.0,2,80,87.1,12.918874318334609,77.60779976416968,12.887341784161748,77.64126163019517
3b5cc6ef-af6e-4c01-9607-7941b7ec5027,Road_31,Local,5.46,2,40,78.2,13.052307287005423,77.61174668192025,12.899601536648914,77.67766983521601
fec0b6f6-a0c0-4eba-b8e4-73e78fe2e91f,Road_32,Arterial,4.87,4,40,93.5,12.986653276428989,77.50536427626027,13.050774001481422,77.67781578547152
c7adec54-8c36-402e-ba2e-5a041bbe116d,Road_33,Local,4.31,2,80,96.5,12.966655720531756,77.49740687480012,12.974905005764995,77.60254424665905
5443c924-bf4b-47e1-955e-cb33aaa6034b,Road_34,Local,8.15,2,40,90.4,13.02315287239179,77.67145794636737,13.055694667447787,77.68790080980541
ebc27de8-7d11-4e9f-8800-89243bf537ad,Road_35,Arterial,5.61,2,60,56.2,12.935698069300061,77.51237744985686,13.040819256426847,77.55309682696942
3424cec3-f0f5-47cf-a20c-2cc59cbf008a,Road_36,Collector,4.43,2,60,100.0,13.032426156973004,77.62294464431659,12.921311400628932,77.65929071071477
91b5f04e-ac10-4bf9-9981-47ac87d8a098,Road_37,Local,3.34,2,60,64.2,12.950762709790608,77.66634372958056,13.020582073914342,77.58715661646886
0372661e-9013-40b8-b069-d4c89d18778d,Road_38,Collector,2.41,2,40,74.2,12.939596224262493,77.50418466660574,12.916533693188049,77.5796572292938
1ddcf36b-cec5-4551-a90f-e9c819c4a889,Road_39,Local,7.26,2,40,84.9,12.968067952763128,77.64892845669902,12.97450311206703,77.59709735796649
69f067d2-9038-47a2-a726-f8e1ded5c2ce,Road_40,Arterial,5.5,2,40,79.1,13.059640254694923,77.56535519275882,13.051863354591726,77.63290001795455
5ea670fc-8f4a-4f64-bf24-efcc2af0ca55,Road_41,Local,5.03,4,40,57.1,12.993567495354855,77.68113351859289,12.921136176529519,77.64600520273257
6366eb8f-1a87-48dd-8599-19f3329a7480,Road_42,Local,5.96,4,60,82.4,12.91748378560381,77.63865554963368,12.938611303951996,77.56968744070402
c4bb6de5-82d9-497a-9d09-37b1a0bf56bd,Road_43,Highway,4.62,6,40,65.4,12.987571052293967,77.50795610353632,12.967128701411786,77.68772961211788
4dfae0c0-0b06-4be4-ad60-a9faae0529ca,Road_44,Collector,7.68,4,40,66.0,13.03756897291032,77.56482686156026,13.071356202823868,77.67763059231918
1e3715bb-a21b-45a5-9207-cb7138636cf3,Road_45,Collector,1.98,4,40,60.6,12.894346098299808,77.6495618888755,13.020736635262919,77.67849435387545
0e4da162-da46-4695-8343-29f0276110a6,Road_46,Local,6.71,2,40,72.8,12.995221909887997,77.64299608081626,13.061978716912423,77.6798302473128
2500431e-a3e8-4c7d-a098-2b3c2f984762,Road_47,Local,5.45,4,60,60.4,13.06520895005333,77.58338574659827,12.924487522072184,77.50873572771825
2f62dd0a-7061-453b-ad4e-a2b39621324a,Road_48,Collector,6.0,4,40,86.6,13.021171357451054,77.59100457010801,12.98960537456228,77.56971926559389
234fd198-c7b1-401b-afdf-5dd56afa3607,Road_49,Collector,3.76,4,40,56.3,12.881452084652867,77.59470904398468,12.947980072903608,77.53878807609075
f58be359-1b48-44fa-ad1d-f0d3bec1789e,Road_50,Arterial,5.86,4,40,75.6,12.934795651006198,77.5498508635294,12.9434930068875,77.63879514313814
664366c7-c552-4e51-9a5f-6580aaec4120,Road_51,Local,3.21,2,60,58.1,13.041158914925548,77.66484367667793,13.053577951171569,77.5612638792487
2f031d33-ad01-4b91-95d6-e41cf2168d8d,Road_52,Local,3.72,6,60,74.2,12.873399827010422,77.54586196023436,12.973164534983555,77.6677189391303
4580871f-f891-48ff-9000-3b4cba5f5e16,Road_53,Local,3.75,2,40,84.9,13.05929920773336,77.64743665215688,12.879492547039249,77.59407137657506
50a25aa6-506a-4b5c-83c6-399b3b1ab248,Road_54,Collector,6.47,6,80,70.3,13.01391192826602,77.53090185347362,12.9900090474611,77.5070839230546
48ead93c-ad64-44f0-a1d6-747a4b742755,Road_55,Collector,6.63,6,40,74.2,13.05492628536223,77.5544573973688,12.872675379454662,77.60525583731447
108d5b9d-c0e0-43cf-912b-54836799f367,Road_56,Local,6.45,4,80,78.2,12.903723133141874,77.57070086289768,12.959146459624707,77.60135878701116
b182394e-96c4-482c-8512-b3e86b9909aa,Road_57,Arterial,6.45,2,80,70.6,13.031270237938912,77.66277284979189,13.053511287610332,77.55948601246052
4aa7dcaa-b7a6-4128-abe2-a350b6535c59,Road_58,Local,4.43,2,40,39.1,12.99827294756541,77.64477333049663,13.007962647047455,77.531610195435
cbb36a3b-b0bc-4d54-8943-88884ee5d630,Road_59,Collector,4.29,4,40,79.9,12.95727866657547,77.49703915705588,13.058873073596004,77.51820459096488
eb7e760f-3d26-4885-b93d-de7044af1273,Road_60,Local,5.62,4,40,74.1,12.956148931485668,77.57882487643865,12.933852894263016,77.5505756237771
91634691-fe79-45ec-90aa-f5395469d116,Road_61,Collector,4.18,2,60,32.5,12.983232425670977,77.55473404035311,13.040644444027135,77.6480086537742
9b96d80c-a9a9-4de1-800c-51c76093a735,Road_62,Arterial,3.94,4,40,62.5,12.914036336391922,77.6137523706154,13.056347435677324,77.52987502976042
3350184d-09b7-49d9-bf7b-46e347c8678e,Road_63,Arterial,3.86,2,80,69.3,13.058929593671602,77.59697107652698,12.871740564356807,77.65041030072102
2d3bd86a-0f9b-4e25-a0b8-b85ccfbcdf2c,Road_64,Local,3.14,2,40,64.4,12.974471822369857,77.4955301955821,13.005327093764958,77.61560134533617
fab3094b-ac41-4233-9feb-b003f16be2c4,Road_65,Local,5.82,6,80,98.4,12.994224541418895,77.6413755012256,13.050880274461484,77.53480443610003
90679a4a-7ab5-4489-8f13-5c79319720b2,Road_66,Local,3.64,4,40,79.6,12.966925770731187,77.68697960090333,13.023297347128906,77.55425438293068
fe2a4515-f4c4-40b6-8f75-cc810fa55955,Road_67,Collector,6.05,6,40,56.1,13.059825707234618,77.65466280833064,12.960107940599633,77.6798474911617
3cb5ff8d-cd0a-4764-bb5f-38239754d47f,Road_68,Arterial,2.28,4,80,55.1,13.029412495254512,77.64576968386908,13.040087611191424,77.67325274440994
624edd55-edf9-405a-83e4-43144d6b1844,Road_69,Arterial,3.45,4,40,67.5,13.044195837726557,77.64498062522907,13.000930205275097,77.54222338651932
c0ca2fc5-0ab8-41a4-baeb-8824ec4f4e5f,Road_70,Collector,2.23,4,40,60.9,12.988111295010523,77.58853786155309,12.87205419580738,77.65205106113248
c2d4dd0c-1500-4cfb-82fb-05397d9adf94,Road_71,Local,3.11,4,60,83.4,12.953076072250028,77.57276293351626,13.031314911894661,77.62669752929482
59b6beb0-cedd-4e7f-b801-f01836d94e8c,Road_72,Local,5.18,2,40,57.5,12.903177538832553,77.56464736597022,13.056736870454603,77.6788595491497
b7584333-283d-47c8-a972-8a6ec52b468a,Road_73,Local,5.27,6,60,45.2,13.025496649035256,77.68750487508697,12.915184336615527,77.55582985009023
4874813a-1e4f-40d1-a6e5-bf23fe48d0d4,Road_74,Arterial,3.66,2,40,57.2,13.047532464948313,77.54585951678327,13.026532139764303,77.65064810847758
087de0de-01b8-41e4-9644-fa1bb807815d,Road_75,Local,4.06,4,60,74.4,12.968233900711082,77.54451317667414,12.998158938316227,77.59189778304815
b7b96e75-8bce-4f75-bd79-e45006c788e2,Road_76,Local,5.89,4,80,61.3,13.009871817130996,77.62342978778192,12.905420121833709,77.62451570757757
eec88e97-e534-4b39-84ae-1760c7dbc6fa,Road_77,Local,6.51,2,40,54.6,12.951333325313433,77.67940501734489,12.876616614691045,77.50254238161587
b7108add-aad3-4190-828b-b63012a0f502,Road_78,Arterial,4.81,4,40,61.4,13.05314615585943,77.55676118454556,13.018003747590027,77.65747976337991
b61c0465-631f-4881-bb12-675630a13f74,Road_79,Highway,4.96,2,80,65.7,13.039205473287582,77.57363292030948,13.04223958055902,77.51603566713
0d5b6233-4bef-42f3-a6b9-2e7fcc983d6f,Road_80,Arterial,7.23,4,80,79.6,12.956055804576957,77.5160891348164,12.961068819886906,77.5879828610588
cf410af5-7d57-4484-b39a-1f7543ea76db,Road_81,Highway,4.19,4,80,49.8,12.928966187110229,77.59073286324909,12.896667709207927,77.55844106113909
1cc27d2f-9505-447d-8e8c-09d51e3d871d,Road_82,Collector,3.96,2,40,56.8,13.001802649855712,77.58260269074826,13.021516278996527,77.58065415431142
27aecba4-5330-400b-96b3-51a7fee0e17d,Road_83,Local,3.17,4,80,68.2,12.911869332751087,77.66636749298831,13.051739310370934,77.52015178137458
300bfcae-fc1a-4ad4-afea-3942e99f050d,Road_84,Local,6.4,4,40,47.3,13.042856854004256,77.66262663882301,12.972752189629547,77.69166987840846
e576e53b-881f-460f-b33d-09efa79cdea4,Road_85,Local,5.18,2,40,56.2,13.032654696206846,77.67400116969065,13.031299792180478,77.55997396892685
f70ba454-2ae4-4668-97e5-a2b7595c11ea,Road_86,Local,7.99,4,40,33.6,13.024163569800717,77.5883367990737,12.969071723475937,77.61246188605162
2b5332fd-5ea7-4499-b302-6d5ec1185873,Road_87,Local,6.66,2,40,39.6,12.9967287312218,77.51450078632719,12.994730489495822,77.54910613335355
6c3e5a9e-1248-4f89-931c-a31a9b0c9f79,Road_88,Arterial,4.52,2,40,61.1,12.991074421536595,77.49830387556703,12.969287393108505,77.56216897264491
f132a732-7d1c-4e0c-bb9b-1e7a16e2e52c,Road_89,Local,2.58,2,40,71.3,12.882764218533335,77.6523970384001,12.968592408827485,77.56244184418523
26888831-45d8-42b8-bcd5-04ac22f44ba1,Road_90,Collector,5.0,4,60,32.9,13.049154609647424,77.58949624567138,12.908537207470403,77.66688730336017
59abdcdc-f035-4c85-8ba2-fb3de08f8d73,Road_91,Collector,3.78,4,40,81.1,12.95022239835963,77.68261234340605,13.012896958083319,77.55969818359141
3f9a9b98-68a9-49f7-89b2-58f4028fb4a2,Road_92,Local,4.39,4,60,67.9,13.023387663497502,77.64069951290142,12.935311221987872,77.56530758012492
4a32d45b-63ec-4ba8-8833-3f627f00431d,Road_93,Arterial,4.48,2,40,60.5,13.043717298399077,77.59139891411112,12.982439545860709,77.53537289759004
1fe16137-d0eb-4a91-b767-cc0f7f758b77,Road_94,Local,3.42,2,60,65.8,12.892868194215168,77.52449806451975,13.04687935945859,77.49642418369618
f8b372d2-62d8-4fdf-b996-19dc97ac76b8,Road_95,Collector,9.32,2,40,57.3,12.985919079654286,77.6489885147667,13.007654203627611,77.61812022413628
8abc57ff-3d18-41f7-8ca5-211558066aff,Road_96,Collector,5.27,4,40,90.7,12.87162440506579,77.68141223807639,12.923904989491625,77.56672291438618
edfd526e-f5b5-4844-8f3b-ebe0c15039f2,Road_97,Highway,3.59,4,40,40.3,12.883475364833698,77.69375513122084,13.055363265602178,77.69431483621874
2ac81221-ee5a-4ba0-b50c-9e57924d6e05,Road_98,Local,3.94,4,40,57.3,12.943644603147845,77.59343385349216,12.969464550060122,77.65579513418277
79300ec5-8316-4885-853d-007ca61e125b,Road_99,Collector,8.33,2,40,43.7,12.930844120534866,77.59059487883765,12.959641454296888,77.5536468938193
e449fa7e-edac-44e6-8aac-a1f33aa2ff66,Road_100,Local,5.68,2,60,55.1,13.04134410012518,77.63993313792334,12.974863111217052,77.54925474366998
3356707a-00c7-415c-94a0-a097dbdc0462,Road_101,Local,5.56,2,40,80.9,12.956212336066121,77.61050957372271,13.041030310952081,77.50244618986767
e12e2f88-6455-48da-b5c1-890c951d49ba,Road_102,Collector,5.3,4,40,78.0,13.067404776538762,77.53144677322693,12.927735329477837,77.50600262228872
aba3eda2-6d57-47db-91a9-29622dd8ec2f,Road_103,Collector,2.18,2,60,60.2,12.903143442014319,77.55244096378645,12.900706215283714,77.60162629362235
75a45440-95f6-424f-9974-aa369acd4493,Road_104,Arterial,6.22,4,60,78.0,13.041777773574978,77.53192466169769,12.935867383357529,77.51905827370759
136c7190-2b7c-4b5d-a2fe-1934b5d50f64,Road_105,Local,5.96,2,80,71.8,12.936658662060118,77.55540091193036,12.91156310450994,77.62054047014011
b25d355c-a16e-4ba0-8a3b-f776148c10ca,Road_106,Local,5.5,6,60,80.4,12.917190298413406,77.63949972984199,13.021238559791872,77.61403599230934
f87a833f-9f09-420f-9e8a-fdb95580fa91,Road_107,Arterial,5.3,2,40,91.3,12.91537778081296,77.65843295827591,13.005816895037945,77.56179739307373
af30749b-ce2d-4b4e-a470-1e5ca3e068a6,Road_108,Local,8.86,2,40,18.8,12.918575850327825,77.51329174024204,13.019277921700638,77.59692972693718
b2f01d7f-091e-44bb-965d-f72b87bd244f,Road_109,Arterial,4.61,6,60,72.1,12.91354537943385,77.63099460998563,12.90406337495465,77.51929773693878
531bd1d4-6294-4d10-b8f2-65cb089f3f8b,Road_110,Highway,2.48,2,60,52.6,12.981039693714026,77.61475773492838,12.892182012817953,77.57768259790669
2033c7e2-049c-47b1-ad0a-aa7ed628e1f5,Road_111,Collector,5.97,4,60,82.3,12.938521783342894,77.59718980459157,13.031567005071087,77.61193459986876
a0f21536-e62d-43cb-b84e-ca346104f8de,Road_112,Local,5.66,4,40,77.4,13.00593244379143,77.52618948721137,12.878249652556377,77.5953314697642
3ded7785-ed37-487b-934f-7de428b4617f,Road_113,Local,7.25,6,40,76.4,13.043129500356207,77.50050842163614,12.981456937589128,77.54724582019333
d938f9a1-154c-473f-b9fd-29c624e9fa0c,Road_114,Local,4.3,2,60,72.4,12.918773932069424,77.61787510556213,13.069104479576303,77.5630980309367
84169a0c-4f0b-48f6-90b6-d10beed523f6,Road_115,Collector,3.51,4,40,56.8,12.954392771584128,77.66235846018814,13.027988606234585,77.69122752838454
c970be16-6333-4a98-950f-43679a1afade,Road_116,Local,5.04,2,60,68.4,12.907158139185912,77.61280177899177,12.912257900353426,77.69361474688428
9627f248-7f14-4277-927a-e2616525a8bf,Road_117,Local,5.4,4,60,50.7,12.912843404347877,77.58448570338433,13.019560206240346,77.65221636821016
839c561f-36b6-486e-afe6-d26d5cde32ef,Road_118,Collector,2.42,2,60,43.6,12.894692817596114,77.57304824291451,12.88382715551114,77.50214247126594
17b4872c-79ac-4f07-aee3-e8f9a18e2945,Road_119,Arterial,5.6,2,60,43.6,12.928483855242224,77.59949522318756,13.035624787317664,77.59326459717475
ba851214-d093-4436-b97b-fadfa3b5cea7,Road_120,Collector,7.06,2,40,47.5,13.038647132674217,77.55957331108459,12.917238733973521,77.65468456807662
bb7010b7-8e2e-41d6-9a99-c2215d53c5f1,Road_121,Local,3.19,2,40,71.7,13.00737061645798,77.51314656818,12.964545752893462,77.68840271647193
e42e9c33-e6f7-4cfb-a926-ecddd552dfad,Road_122,Collector,4.82,2,40,47.9,12.887977899459766,77.59905095867738,12.982717688933862,77.54612840286181
9e600469-2534-43d2-8e67-fdfe16337a16,Road_123,Arterial,5.07,2,60,74.3,12.908595287835084,77.54485760230193,12.87356690006282,77.62153485325129
7a231825-fdd8-4f23-9fd3-a1e92e5f88e8,Road_124,Local,8.15,4,80,67.8,12.952434265109929,77.6723120173045,12.893516702101643,77.6716287374755
b0f918e4-3aef-4c95-aa72-bef071fe2077,Road_125,Local,7.38,2,60,78.9,13.026438188305608,77.51454936027935,13.028560106387705,77.6210247869839
cf68baab-39d2-4ece-a094-1ee2a8bba192,Road_126,Local,5.23,2,40,78.5,12.942927864172693,77.54475008272061,12.976436984007123,77.52581384835715
606fef41-cc40-4e7b-82a1-eb8d6145eb4a,Road_127,Collector,3.45,2,40,64.1,12.889360047313426,77.62766818207541,12.881991822748523,77.69256618593768
5150532e-dda9-4f5c-ae7f-e1510dee7b1a,Road_128,Local,3.92,2,40,93.3,13.039637311611333,77.60011049128946,13.0527978588099,77.63481355907425
d3b405af-ae4c-4c5d-b124-329273fc98ae,Road_129,Arterial,5.63,6,40,78.3,13.04589894985006,77.49591167600636,13.031966277790634,77.67910286607591
65828714-5ec6-45ee-bfed-7b46d947c773,Road_130,Local,4.4,4,40,100.0,12.932567764977609,77.59026058907752,12.9640419055187,77.68511443482016
34140002-32aa-4176-82e1-327d04c43526,Road_131,Arterial,5.83,4,60,65.7,13.015130783524299,77.62831719104754,13.043965580753852,77.5445253872126
68afa180-42fe-40e8-b13c-a71ccf3ab0e8,Road_132,Collector,6.92,2,60,72.2,12.99227055927752,77.5927247641884,13.047677021574692,77.52372503051782
06b224c8-bbf3-45a3-bf94-b9d5279abdf5,Road_133,Local,5.14,2,40,72.2,12.991035230936827,77.63654180287564,12.88557051884511,77.68373551964201
628c80b2-4f20-4e00-ab46-a9d6393e7c9e,Road_134,Collector,3.5,2,40,63.1,12.89304547756888,77.57612591622002,13.024439324482318,77.61816429916662
543787c8-936f-496e-91b2-ad537981d721,Road_135,Collector,6.61,4,60,93.8,13.003640872553646,77.54045774708362,12.970967627500434,77.6564492937982
db928670-79c3-4853-9544-b1edcf937de5,Road_136,Arterial,2.45,4,60,61.4,13.00403215208293,77.61860594818266,12.893327226603368,77.63599256598876
95ca75f9-0c77-4164-b5fa-f45ead996d68,Road_137,Arterial,4.24,6,40,97.7,12.878197252807702,77.50444904300033,13.004849409324184,77.60801585635923
8332052b-fb72-4c0a-ad9e-b3f564155953,Road_138,Collector,6.71,4,40,39.9,12.966121313249143,77.67523752991974,12.937528783788418,77.6940687162585
464fc145-0595-4a73-9c09-9c2926b76f06,Road_139,Collector,6.28,4,40,65.6,12.990145316757983,77.66990055708571,12.988054239286244,77.60960607569905
20c05eaa-cb53-449c-8a54-a6f0b0cd90d2,Road_140,Local,5.43,2,40,60.5,13.050579429136889,77.55428802643446,12.906978094432565,77.59023045374265
9b54a626-8455-4b3c-9452-fa47cd346989,Road_141,Collector,5.95,2,40,48.6,13.043650669258941,77.54062952556457,12.951184962127268,77.53530783662427
82620d96-a9f9-4047-aba4-aee47b1f3a3c,Road_142,Local,3.46,4,40,69.6,12.957538276976141,77.55134064993536,12.897704726858441,77.59957325444243
fff476e6-ef0e-4707-b6d8-48ed3366ccbb,Road_143,Local,5.32,2,40,58.8,13.066677794945877,77.67670829998916,12.883149237121906,77.69337074759544
299d2e95-375e-45d7-b39d-c7eb9ebfdb13,Road_144,Collector,5.75,2,80,49.3,13.005339480949994,77.50706852102377,13.012252399376164,77.63789616757404
421b5c0b-785d-4340-8523-681335c27d70,Road_145,Local,5.57,2,60,73.2,12.97719704018463,77.67211477449192,12.989516756526749,77.6945012277535
47e45522-ee41-4e36-8cee-b659b71f54c0,Road_146,Local,7.59,4,40,45.9,13.046093700577554,77.6905767878467,12.922537178978056,77.67029371182865
a6633c97-fd14-4ac2-9bb5-4292a672fc35,Road_147,Local,7.64,2,40,77.6,13.068450479834901,77.6073918211134,12.958548397757664,77.49632990323958
7a795a1c-71ec-43c1-90bd-2ee30eb2020e,Road_148,Arterial,2.25,4,60,91.5,13.057816581496779,77.58740752917016,12.90292251068736,77.67874932388756
ab539dd9-0551-4884-baef-fb2a2f1c9118,Road_149,Local,3.12,2,40,89.6,12.893569553556269,77.59299087517516,12.882955319340937,77.65455011069463
b80bd793-76f1-4800-9ece-ed91db6ea35c,Road_150,Local,6.08,2,80,94.2,13.057466301914031,77.51915976077059,12.889921592404626,77.56156666418158
6cb75a25-e995-4dd3-8d7f-91f19c7b5f8a,Road_151,Collector,2.62,6,80,56.1,12.933463558492408,77.54718948986105,12.958969281087922,77.60698314771037
823c6d84-833c-4eea-b49a-d061baf3a3cd,Road_152,Arterial,4.69,2,60,77.5,12.98861754788553,77.66605130751692,12.938984610304201,77.5764783305465
5ccab206-648c-48d5-8366-3914163c8539,Road_153,Highway,4.77,4,40,85.0,12.902916459747106,77.51091338560116,12.973190385622846,77.53861721250648
3092c814-fca1-44df-ba95-147bdb5eb8c5,Road_154,Local,2.48,2,60,60.3,13.06644800585856,77.53034606995605,12.87609858037076,77.56279339629685
5b0786da-7425-4e36-a47f-7bbca8e0d132,Road_155,Local,2.86,6,40,60.6,12.994370830059262,77.66971628699787,12.928902093968153,77.62530538125921
0ba10f60-8572-4ec6-8dbb-55950f0da5b3,Road_156,Local,4.71,2,80,82.4,13.071428899807637,77.6138479670879,13.016355516534926,77.69457554452744
781633c4-761b-472e-900a-411d4b69f8e7,Road_157,Collector,3.06,2,60,61.3,12.997443849208286,77.5117690091017,12.999507942371661,77.68018765858608
170225e1-6cab-48b5-b5fb-2b9056f9151c,Road_158,Arterial,4.56,2,40,76.0,13.012703869856892,77.62685317626476,12.925669849466553,77.52801119263003
7215a1d6-f25c-45e7-b9b1-fc1df3dc956d,Road_159,Local,3.73,6,40,88.6,12.964198344719014,77.58958252930597,12.908575672826158,77.6374440632803
c2b0b911-564c-49c2-b635-410b36e60c37,Road_160,Arterial,4.45,2,40,40.1,13.062075003381201,77.63184445743147,13.041229923363586,77.61371898425644
277276fb-2d62-4d78-9973-3456e019137e,Road_161,Local,5.61,2,40,76.9,13.059698595406454,77.50854833922669,13.009296585132745,77.52666788138873
02addd87-f039-4355-bf09-79ec9881991d,Road_162,Highway,6.44,2,60,66.1,13.005388620149509,77.52785713282086,13.018260547952925,77.56369665142356
d03cf2e4-ee2b-4bdf-a6e1-57410fe42f40,Road_163,Highway,5.2,4,60,68.8,13.019148456819387,77.61885528054971,12.945652059178636,77.52889787576406
445d5d5f-e05e-4801-97d4-6dd57342684d,Road_164,Highway,4.64,6,80,72.4,12.994803980042889,77.49717146042214,12.894911951535793,77.59711409617327
69b29c0f-1e97-44d1-b97b-1ce1542e7eb0,Road_165,Arterial,2.84,2,40,54.6,12.895323222621021,77.63888593127636,12.982529365333798,77.5403092493426
0c2cfbf6-45e3-4963-9e7c-1e56e1a4d053,Road_166,Collector,3.26,4,40,48.4,12.936477079673345,77.64733920425348,12.968178551207448,77.63203389263178
0ceba820-996f-459b-b6f0-6a54868b31fe,Road_167,Local,7.76,4,40,68.8,13.048401588396604,77.62872594655444,12.873334528753464,77.65768473571396
4dcf73db-527b-46fc-91a5-ed5438bb6740,Road_168,Arterial,5.03,4,60,54.0,13.008436846238908,77.68576437111959,13.032447350208729,77.6003031961726
39247705-cdca-4285-8476-8df9f2a6054a,Road_169,Collector,8.33,2,60,67.9,12.985482103609542,77.5254255148096,12.877764067638218,77.6685939219485
5bf99af7-bf98-49a1-a358-00f3c2124f05,Road_170,Local,7.39,2,40,85.7,13.053015579942507,77.69452280558555,12.926372634539637,77.5871408443915
d52c134d-1a34-45a9-b1c3-ef4c2b78a8b7,Road_171,Local,6.26,4,40,73.7,13.062553740841345,77.59548721275006,12.914368371002634,77.63248801385993
ea6ed0e8-a7a7-4a19-9c65-6063fdae2d52,Road_172,Arterial,4.88,2,60,66.2,12.914326218117443,77.62562312130409,12.925533898089823,77.5198665289965
a1ef7843-8154-439c-85e4-157af3e67646,Road_173,Collector,3.35,4,40,49.8,13.017515171701842,77.56420157745443,13.008431345074383,77.51243088727267
9604abc8-473c-48ce-8f83-7c05569be088,Road_174,Local,5.56,6,40,54.4,12.935311417262326,77.49595465283636,12.92840327291592,77.5765144460144
c15fef24-2d39-4ee4-bf8c-53ff1d5c231c,Road_175,Local,5.9,2,60,44.4,13.016613141013426,77.56434754056981,13.031227995818451,77.64225762247827
0a4baa70-1115-46d5-af1f-ef1d43f2a8d9,Road_176,Collector,5.68,4,60,82.1,12.986232036288849,77.66701054582401,13.025515037177549,77.49938962763179
33e06856-be47-41c9-9d48-41bccc8c14e5,Road_177,Arterial,6.13,2,40,69.2,12.988838220149331,77.52034756949263,12.91418766073605,77.6593064075567
edea3019-d04a-42b3-ac27-158be769a935,Road_178,Local,5.96,4,40,71.9,13.005008103727278,77.59396032487058,12.971795231453019,77.59601328743688
1a577389-c4bf-4e34-aeb9-3b6bbf467d89,Road_179,Collector,7.73,4,60,86.4,13.032126685145323,77.5969687614526,12.888212730156162,77.5576895896048
d6389f80-cace-4aa2-8744-5ee329e594e5,Road_180,Collector,5.79,4,40,81.1,12.938596255897272,77.63298885027771,12.91924934501534,77.66411150997415
7a0f21e8-6190-4748-8f3d-e8c07f873998,Road_181,Highway,4.09,4,40,74.7,13.033018914534528,77.49714187971726,12.955995101076107,77.64481811745118
47b331e7-0753-46b6-8a39-221a836c373b,Road_182,Collector,3.01,4,80,94.1,12.93883885842986,77.65210456364548,12.903027431613918,77.54401852544187
c5bbc914-86c4-4727-b760-d0f9764fd72b,Road_183,Local,4.49,4,60,79.0,12.97622076329596,77.60439847710954,12.958721321686102,77.55843698540178
12bd4fc1-305a-41b0-9e9e-f36baa85b19b,Road_184,Local,6.15,2,60,71.0,12.990205444311172,77.62314520263159,12.93282496280498,77.64391841065172
cd5519e4-3af3-4692-b4d9-f5f66884fc3f,Road_185,Local,7.17,2,60,80.9,12.974622561186756,77.49987572227165,12.949181041011878,77.67095328574074
065aa7c9-8196-416a-9f50-5a63f0eecd3d,Road_186,Collector,1.22,4,60,60.3,12.896873230760056,77.58475316242938,12.897498226197149,77.68059382748773
7c0299d6-79ff-4661-88a7-390e4836b3a2,Road_187,Collector,3.91,4,60,77.6,12.967094215115843,77.59068999339394,13.02070399251676,77.57094950307065
6dee612c-d0f9-4960-99e4-4e6739fc31b3,Road_188,Highway,3.82,2,40,89.7,13.044611489254375,77.56670967441396,12.987400373039137,77.68034855939757
5df47014-cdb8-4905-93b7-cd9d6fc3e480,Road_189,Local,3.94,2,60,73.6,13.029946654434369,77.67863712896572,12.932362291300212,77.50439464178928
03544221-fb8f-4692-b93e-c17926153a58,Road_190,Arterial,2.36,4,40,61.2,12.920100677254709,77.6349438572555,13.041670901524455,77.66213152142105
83d239e2-2a6e-4c7a-a03b-43c70a4debc2,Road_191,Local,6.56,6,40,80.1,12.966861291146683,77.62317587522307,13.036014977683074,77.63117624043079
f42408f4-6e00-4553-99d8-b70b6d4a041a,Road_192,Highway,9.11,2,40,74.8,12.923360684276298,77.51684926354136,12.955847173941299,77.65289022266266
f34388f7-cab9-4eb5-ae4c-9096c5871f8f,Road_193,Local,4.65,2,60,78.6,12.90096276571096,77.54527024602592,12.937523013464942,77.54205130189986
13f93685-bc95-4b77-aa1d-702d6f27be76,Road_194,Local,0.5,2,60,73.3,12.878796576822403,77.5708321736441,13.012508261556306,77.67161640604967
b56765b5-0c95-46fa-8f43-2049afb180bf,Road_195,Local,4.48,4,60,91.7,12.897272206765091,77.68779238714816,12.892857954187813,77.5743042760813
4043dbdb-dc12-439b-a415-472b4d17352d,Road_196,Local,4.34,2,80,99.4,13.057743358006629,77.62563729273192,12.929509318144039,77.620992014027
d66ce9b8-0ac3-4f83-a6ba-9b52d0219761,Road_197,Arterial,2.77,4,40,100.0,13.019765002428201,77.6758104126375,12.980696969566747,77.5000381552394
32239810-a912-48c6-98d5-8c430e83c94b,Road_198,Collector,5.81,2,40,74.9,12.945181197844846,77.66177909950504,12.998844146968304,77.59721931912935
226d1276-f173-4ebd-bab7-d1f31a5f988c,Road_199,Local,4.87,4,40,83.1,13.067232523493296,77.64983378575724,13.06172850700802,77.56764889097636
a0204da4-2d7f-46a9-9f41-c4517db76f20,Road_200,Local,5.64,2,40,66.1,13.005907678199247,77.55734639703545,12.991402854214291,77.68538521551206
11194687-fc21-4107-9401-3e5629bca200,Road_201,Local,4.95,4,40,49.1,12.915684493269907,77.61489693135594,13.022751216082497,77.49826240528117
fe648109-8310-4156-a8a0-1de0003aea11,Road_202,Highway,4.08,4,60,79.7,12.928698392456718,77.68079817432104,12.977263001968462,77.59753074501847
d552cb2e-1cfc-489b-97f6-cf56d9b3450c,Road_203,Collector,3.02,2,40,58.9,12.920382141037031,77.65217019956826,13.057196716412285,77.64969239161886
42a73534-285f-4fd5-8cf3-821af7ce9a02,Road_204,Collector,10.25,2,40,39.3,13.020694018421203,77.5862156098783,12.906555697989424,77.61974916709174
cc1fcc5c-82a3-4a0f-bd1e-dc83d6325a35,Road_205,Collector,0.56,4,40,78.5,12.955568743342294,77.53320431771498,12.894256360394685,77.50662726038091
884d0afb-09a0-4441-8d35-cd57271de9b0,Road_206,Collector,5.94,2,40,90.3,12.887031965031179,77.53677974083371,13.052023246262268,77.50308574399011
80d37b96-fc2a-49f0-a8a9-21313b32877a,Road_207,Collector,9.55,2,40,64.7,12.934603158695507,77.55951821695488,13.062005871243315,77.63682129884127
b4e1817e-779a-41d7-8cc5-2f0f3bd9abb0,Road_208,Local,4.73,4,40,49.3,12.95950097397402,77.68442321729853,12.904104354844682,77.56683719629739
d373d65c-4185-485b-a48f-4e8f38b06188,Road_209,Local,4.61,2,40,76.6,12.943837053287433,77.51144566128997,12.873981360062327,77.49483837870427
a3efea5e-42f8-4950-9c27-f1b426fa48f2,Road_210,Local,3.99,4,60,65.0,13.061142057511304,77.6024885702614,13.01897459536579,77.67830195868022
8d5a571d-e44e-4a74-96e5-8302e217306c,Road_211,Highway,5.37,2,40,65.1,12.972267754340788,77.59055271593135,12.980385841277132,77.50849434542768
0bd3e6ea-40eb-4dd2-8a5d-0769513b8c52,Road_212,Arterial,4.41,4,40,79.8,13.006231092983011,77.50816153910873,12.947509233754536,77.57741789629227
37d5fe79-1a04-4823-adaf-de0d66eb8e85,Road_213,Arterial,4.51,2,40,69.1,13.00958569742327,77.6184618088824,12.90433486884552,77.51853219234157
281a6582-ee88-4a56-8b44-fa16a0b4ae85,Road_214,Local,5.78,2,60,64.5,12.964613972346868,77.61895829158648,13.041253528358261,77.66507989454664
7e92af12-1341-49e2-9831-dee58545c737,Road_215,Local,8.78,2,40,100.0,13.064417397751622,77.60757316245855,12.985409010780469,77.60078705897577
c37d52e9-2deb-45e3-9c86-47795e94d824,Road_216,Collector,2.14,4,40,64.7,12.8760693139039,77.58632146361772,12.953959046474655,77.60653697196642
1479614b-854b-4f01-82c9-729e4bbecb57,Road_217,Local,6.14,2,40,55.2,13.019698912238768,77.59337177060169,12.97048304427486,77.50870811042624
7c2fc48b-c3fd-4f50-b41a-9aceebf7593b,Road_218,Collector,5.81,4,60,66.0,12.88928442791527,77.53172893210022,12.941667834318208,77.67386618269842
f76aaec5-c67f-4832-b371-4e21a5b25c4e,Road_219,Arterial,3.05,4,40,60.5,12.976280295466745,77.50081644341188,12.899396181590953,77.54824117100316
186893c9-104b-40bf-bd99-c86bc440a82b,Road_220,Local,9.28,2,40,82.0,12.89009193642407,77.51184281830015,12.93954263310735,77.50826806651388
e13f12f1-1b72-4776-9afe-de4148aae8b7,Road_221,Collector,4.57,4,40,73.2,12.98538077356451,77.5620308436088,12.914200925267137,77.57972966245212
addbac17-3f37-4616-9b2b-078302e63bfe,Road_222,Collector,6.59,4,40,47.7,13.056911617226884,77.51563604336461,13.025878206830823,77.62322847125495
39533691-0a63-4bd9-92cd-b4cb9ab46a7b,Road_223,Highway,1.77,2,40,85.3,12.969971868166528,77.67329891674368,12.890926640219464,77.65513072656687
68b0767a-1d95-428a-bae7-fe124cde73cf,Road_224,Arterial,6.18,2,40,29.0,13.022016477398758,77.65364605855365,12.895483497677894,77.68858781067368
60f6c64b-1253-46ec-9f55-4d6f6d254cf8,Road_225,Arterial,4.49,4,60,68.6,12.9073393111139,77.63641527180866,12.88973338143671,77.5509778413768
94926eb9-b814-42cf-8d00-d148a813d4e6,Road_226,Local,6.23,2,40,73.6,12.961088154656741,77.59352300088062,12.97374184519787,77.5227346587236
0f5eeaaa-c105-44d2-a3a9-e747fafc8915,Road_227,Highway,3.33,6,40,77.6,13.057360868803961,77.51627193485253,12.959488833566244,77.57306252979113
8c887a5f-ef25-4fe5-8ef9-86bf922b1b56,Road_228,Collector,8.8,2,60,53.0,13.065902598175787,77.50106320814938,12.962769992861297,77.63286041631649
eaecf6c8-62d4-46b1-8c43-2d5cac5f8426,Road_229,Collector,6.63,4,40,72.0,12.971031606765814,77.51085169037282,12.925440582535103,77.56384324682476
2943c933-0774-477b-8014-2917921018e4,Road_230,Arterial,5.68,2,80,62.2,13.003448283654452,77.67524646253305,12.988776006678947,77.5943531272347
8ec4fdda-145d-4799-865d-adc4a3567c90,Road_231,Arterial,6.24,6,60,52.7,12.949186761991449,77.55503038828041,12.96613957733126,77.52389307253974
16e02a57-a098-4096-a8a1-b785960022f0,Road_232,Local,3.62,2,40,62.4,13.014837936146899,77.50747691362493,12.976265548155338,77.49940992598967
fa1b0e6a-f7ba-4153-ae44-6794111f6c74,Road_233,Highway,2.42,2,60,71.7,12.99852628529055,77.65188760992511,13.058304377662864,77.63105724763071
9a3bfc52-ed75-4f8a-aba3-b3a3077faff3,Road_234,Local,4.67,4,40,49.7,12.988886140517195,77.5742200589207,12.906505315748392,77.50193674595592
d6fcdf87-7a1f-45f3-a897-eaea02e0a62e,Road_235,Local,5.1,2,60,73.2,12.98956385817694,77.65900991669689,13.025176799505193,77.56508707706409
67e52fb7-2fff-47d5-aac2-c4e83de54017,Road_236,Local,5.47,2,60,70.2,12.916174666048297,77.63586185810776,12.992679848370235,77.6934616812515
6dde6a7b-5423-437f-822f-54307c0ef646,Road_237,Collector,8.4,4,60,84.3,13.052365790148494,77.52053122468003,12.916473370053193,77.51019682350228
07b1ca20-3325-41a4-a174-622eaff54351,Road_238,Local,5.44,2,60,66.1,12.935926010312887,77.68600465982784,13.013847254609907,77.60731515020653
1560ecd8-f0f1-4a2e-bea8-c696b98904c4,Road_239,Collector,7.57,6,40,79.1,12.926752430640258,77.58539927784794,13.037628720829115,77.56508837473278
6c9e0f24-5c61-43d4-84fb-3db9142c153c,Road_240,Local,4.1,2,40,51.7,13.061362195618864,77.6507098324217,12.962096119134236,77.52243001239927
e07ffccc-3db3-46c0-a439-a881127a45f0,Road_241,Arterial,1.44,6,40,86.0,13.04410630783593,77.56998197383717,12.913090183683662,77.65346468007374
ee9148f5-691c-40e2-bdfe-59bccf53a861,Road_242,Collector,8.92,4,40,83.4,12.885499362340314,77.62744209110294,12.943157119421757,77.52003859622921
7efc9f47-54db-4332-86c2-99d58edf14a1,Road_243,Collector,6.01,2,40,65.8,12.896107855943118,77.54957074362495,12.906681516543774,77.60735571517407
459107e4-9322-4e72-9730-0d14d0fb0a55,Road_244,Local,5.37,2,40,85.7,13.040624093020686,77.69239192803673,12.971096020804277,77.50636507871239
64ee6111-1244-4ecf-b980-4f49a281edea,Road_245,Local,8.06,2,80,70.0,12.912704811863264,77.66605991067841,12.898503136295151,77.62337163460006
ebf597f3-2d07-44e9-9472-4c6d9bd26883,Road_246,Collector,3.26,2,80,67.1,12.945730009214184,77.67709486707903,12.883355377193446,77.53813109782945
1df38530-6eab-4087-9864-cc620b6b4ed7,Road_247,Arterial,3.79,4,60,73.8,12.924250524707043,77.57193287342875,13.060189501739044,77.68070600903063
5fff1301-f61f-4d8a-802e-859c575593d9,Road_248,Local,3.25,2,40,66.4,13.0520706475769,77.64059111346455,13.065155189881335,77.6823245008177
30c4ff02-8ec4-4a1b-9265-2fcd9a583188,Road_249,Collector,4.08,2,40,45.3,12.979160239086642,77.53242162416079,12.959786894880278,77.59795722163493
162b7072-155f-47be-9c90-f7f9b0afd5bb,Road_250,Highway,3.41,6,40,76.6,12.950650705321637,77.65167300146439,12.931232396390895,77.6503403408055
dfda92ba-8ea7-4525-8b6c-b49d06f8ec96,Road_251,Collector,5.43,2,40,68.3,13.06883210574736,77.6724772073989,12.947737172416796,77.63639103351741
d47d2e17-812d-47e1-bb8b-e327322a4d8f,Road_252,Local,7.16,4,40,65.0,13.041298193317305,77.61090238507457,13.05551362295263,77.62520634209426
262f7a9b-c22e-4fbd-b4d7-53775f8d2be4,Road_253,Arterial,5.61,2,40,47.6,12.883699047911506,77.54744862174394,12.98500417641658,77.66757276835223
cfac0108-f181-467a-a2cc-d52ad7cbf285,Road_254,Local,6.37,4,60,75.1,13.030690539434776,77.66727246795337,13.010623588907693,77.66185086898152
718a1b2f-038d-48e6-8df6-c1b0a9108d6e,Road_255,Arterial,7.2,4,40,65.1,12.889235370271422,77.54262053371258,13.06429555081336,77.6781666323157
19a4644e-6b28-4e1b-8f66-fe7d73bfb3b5,Road_256,Arterial,9.12,2,60,61.3,12.99087141959066,77.62822402470958,12.954767685173055,77.49993810138103
59b0e57e-27b5-402c-9ed3-e217d2c34694,Road_257,Local,7.64,2,40,61.3,12.965726002795344,77.66971293528728,13.024613549370216,77.68080700051577
7acf8a1c-5e48-44f6-ac16-92d73e685e0d,Road_258,Local,2.42,4,40,81.3,12.999846675514128,77.51143102983289,13.055664590768304,77.52636500674764
e6f97fed-fd56-48f9-bcdb-f4bc3e790296,Road_259,Local,5.87,2,60,73.3,12.991012648045878,77.53040700934582,13.050401396119694,77.55845782620574
71c77cec-240a-4ca1-aaab-d0a629e3fd25,Road_260,Collector,7.0,4,40,58.1,12.89421839254602,77.54936037367591,12.927036820636213,77.65355744201936
00094d58-731e-4032-a8bf-fcb81cb8cf32,Road_261,Local,4.2,2,40,53.7,13.038838421868912,77.51321831592693,12.932138703198996,77.62081052634025
4fc69d43-c79f-46d2-a5cf-96b973cf5cc3,Road_262,Collector,3.7,2,60,70.2,13.04566875492631,77.60713996904897,12.972335794698322,77.6543989724942
05aac4ba-75b0-40ec-b8b9-e111571ab9ab,Road_263,Collector,7.07,4,60,78.7,13.038523812993512,77.58008267008714,13.060856871562367,77.51214087234956
7f69a897-bfff-4ce5-a41e-b0417bfb3974,Road_264,Arterial,3.03,2,40,82.0,12.982829124186704,77.56066104905591,12.884755057162986,77.56963264171905
3a4ca15c-8ae5-45af-ab8a-4c09e1749199,Road_265,Local,6.65,2,40,71.0,12.999537924095138,77.51499227644368,12.924322809210173,77.52604646095541
dc27a9ae-7fdf-4c33-ac61-c110ea233db4,Road_266,Collector,5.08,4,40,53.2,12.907165802243746,77.60824830787264,13.054955184177118,77.64385396378704
bcd912ab-6301-430f-a74d-5de077c29ac5,Road_267,Arterial,4.58,2,40,43.2,12.901715035975403,77.62398480906496,13.016563102795423,77.69168510638444
9c4d9c2e-ffca-4c75-9e5c-a418183fae73,Road_268,Collector,4.12,2,40,74.6,12.886581811679877,77.65795101364553,12.947291543367625,77.55752921718978
f81917a3-61f9-42aa-8ed8-c9454578003a,Road_269,Local,2.83,6,40,60.2,12.973462910282292,77.50794914970574,13.070934716903045,77.50506571979011
96e78e2b-40fe-414b-9d25-8c2a15a8d5c6,Road_270,Collector,2.95,6,40,45.2,12.91071285837173,77.58901209744793,13.027525162717257,77.67539895416519
2b7f4592-9e9a-4254-84a4-f5450eff9960,Road_271,Highway,3.97,2,60,80.9,13.00003629221936,77.69348876326966,12.893112445483501,77.64852151483592
38b1a4f4-b768-439e-8f67-00163d957c1d,Road_272,Local,9.79,4,40,74.9,12.928654430164666,77.64923898478713,12.9313239213979,77.66943255558715
f07adf42-2803-4f18-bd78-2a2f485d0640,Road_273,Arterial,0.87,4,40,61.0,12.953503089720892,77.60817219045865,13.033488067989266,77.59232466217873
9034e5b3-6bfa-46b0-96f5-c6b9b2ae6316,Road_274,Local,3.99,4,60,99.3,13.043506954227508,77.55246293456321,13.070437787522911,77.64649673573328
bd756772-a00f-44f0-a286-bcd2e874a439,Road_275,Local,5.23,4,80,60.4,12.92134078447501,77.63906410629714,12.968840196161706,77.58863287481356
1a3ff66c-c055-45fa-81ec-5249fff540cc,Road_276,Local,5.23,2,40,44.5,12.937027091597532,77.60537978146584,12.967486500018369,77.59517061295512
15599dec-c46b-4d88-bc0d-8122fe7d94b7,Road_277,Collector,7.46,4,60,67.0,12.89708459065932,77.63571742574447,13.069641735408569,77.50856761600761
8db56638-92aa-4073-8ec7-937678ac6fb9,Road_278,Collector,7.03,4,80,77.6,12.908576469652077,77.66755634983645,13.019305267084283,77.52455631349561
9d17e7e3-3e54-465b-adba-d5d838f14e84,Road_279,Arterial,4.05,6,40,69.2,12.939236793649536,77.6944889483554,12.991778769755195,77.6054559829074
73b8e69f-dc4c-43a7-88fd-b2dde57b71c2,Road_280,Local,5.27,2,40,62.6,12.940529091571678,77.52976259116882,12.97678021342225,77.6697763231793
a546c8dd-9cdc-4080-a6ef-1b4e7a2fc1f9,Road_281,Collector,8.66,4,60,90.2,12.880861269152277,77.567495251932,12.886551512274377,77.6240034080635
9ec57cdb-0af7-4dbf-940b-55311ff3987c,Road_282,Collector,4.71,4,60,74.7,13.032406782282974,77.50203843635916,13.019868617678584,77.52818268716331
b1e190fe-efbc-4c43-8782-de8f04c8decb,Road_283,Arterial,5.15,4,60,73.5,12.977343334340594,77.57589457224192,13.055336475514519,77.61147910436088
f5163cb0-b97c-4b27-ac28-c557c36c7ded,Road_284,Arterial,3.85,2,40,62.6,13.053480545716642,77.5071816453268,12.947311007865919,77.5485652974251
2b0f7b60-95eb-40e8-b7c2-dda3e66bf8f1,Road_285,Local,7.17,2,60,73.1,13.029805518012369,77.60049589648808,13.06856313395935,77.51175591091997
47a501b4-918d-4eb7-9e65-6c723f549def,Road_286,Local,3.88,6,40,75.0,13.001528923619455,77.53188995157694,12.895676500018224,77.54313213090293
226fc535-a889-427f-a2c5-40abe5ebed65,Road_287,Collector,5.69,6,40,38.8,12.896484030534365,77.52582263975522,13.04455772055786,77.5736199113651
bcebafa8-7a0e-4379-bdc4-aeb2a0be7a2e,Road_288,Highway,6.91,4,60,86.3,13.029811816982852,77.57678184039042,13.066768402579779,77.55584117546363
f20c11e9-ab1e-457e-90ff-6e7ed2469a54,Road_289,Local,3.11,4,40,67.4,12.983191122494656,77.63802541612316,12.992276260311488,77.5745996285009
add32a2b-4ae5-4e4b-be69-78413a04a212,Road_290,Local,4.46,4,60,57.1,12.92052619699314,77.56943324245223,12.880884566915377,77.64501550143929
92a645e9-90a0-48b1-a011-85971c168417,Road_291,Arterial,4.67,4,40,62.4,12.96672781950419,77.58118661740795,13.0493414898119,77.53877576446182
493ff320-e559-4376-9864-20e99af50e56,Road_292,Arterial,5.94,6,40,58.1,12.995046459028222,77.52509681981499,13.032497547203509,77.55231577130097
a32b0568-7c84-4cff-966f-2c646298e0cb,Road_293,Collector,4.23,4,40,74.1,12.930058117789502,77.58040891844003,12.931277667302814,77.68279360999374
47c373d9-d927-4efb-b359-8e6aab7b2a4a,Road_294,Highway,1.3,2,40,79.9,12.876043839472562,77.51051937349945,13.010897587501246,77.5252598115402
61897a24-645e-4ee0-9416-a5346673b0de,Road_295,Local,4.54,2,40,46.1,12.958492542832737,77.66971358101233,12.947576027428292,77.60560125581347
bf2ab687-d763-440a-a679-a09ec9156403,Road_296,Arterial,7.54,2,40,59.5,12.892112315396341,77.68843229132845,13.04208261118493,77.58344447321498
be5afdcd-7e56-4d89-8341-9f672f59e8b9,Road_297,Highway,4.74,2,60,81.8,13.043927058636529,77.52243726456392,12.987576764106622,77.68113412384996
fdb4163b-5b74-4e8e-a90a-231b189a7edd,Road_298,Collector,3.46,2,40,66.8,12.978367358358025,77.60291664309715,13.047041907091092,77.68860423853815
0efe2277-9804-40a7-a419-ca832050b4de,Road_299,Collector,5.58,4,40,73.0,12.893407516151639,77.62663610852529,12.903822095606804,77.6867267423051
1de621ed-3f11-4bb8-8106-a05b15584087,Road_300,Collector,11.03,6,80,42.4,12.94854331722242,77.50730833711249,13.024031405787317,77.6128151770315
aa6b4d04-f759-43b2-9c4e-79f2bdf7ae01,Road_301,Collector,5.74,2,40,88.9,12.889697748266292,77.58043270934462,12.896454431787783,77.54001633544905
10c5b7e8-02f9-4279-a7b2-648d29202d13,Road_302,Local,1.39,2,40,75.3,13.025539334976047,77.5261819795999,12.937181422148566,77.57532644998258
6ef96583-ba0c-4257-8507-7f7ebd9a3317,Road_303,Arterial,4.36,4,40,67.3,12.902840743696624,77.57907200269139,13.027194799373492,77.51966567925041
2663ed31-b75c-41dc-8a18-df8711ab902b,Road_304,Arterial,3.85,2,40,72.3,12.91963211618658,77.62504385027236,12.988993110719475,77.58641502787653
6fc9939a-e93e-40f1-8f30-b308a75235e0,Road_305,Local,7.74,6,40,79.0,12.992838255053817,77.66045833336456,12.920925559297705,77.57531242762799
defa040f-3bb9-4023-8c8d-c4ac57d8e23f,Road_306,Collector,5.25,4,40,78.1,12.95209878101233,77.57757595382824,12.980805873715285,77.52485117719868
2bfe7271-c6cc-4b41-8ed9-e10146a53a60,Road_307,Collector,7.73,2,80,76.9,13.041503288214576,77.66144578941031,12.900664510436364,77.68751719292663
33eee57b-d674-4a78-be6c-8b73a95a678c,Road_308,Collector,4.96,4,40,58.7,13.0565866314823,77.54414536950898,13.061598267358029,77.53002863099897
5b5ca5e1-d7b6-4b68-a2d2-bb7a74d43fae,Road_309,Collector,4.55,2,40,76.9,12.919684858848095,77.689651446257,12.881036562977268,77.55699390663207
297525a2-1166-4a5b-8673-2f61562206a8,Road_310,Local,4.7,2,40,81.6,12.988826901693539,77.60342860256456,12.907329594286518,77.521466382069
15bb3752-0cc7-47db-9bf9-c32e284891ef,Road_311,Local,6.16,2,40,72.7,12.912497637524508,77.53885233992844,13.049521053275335,77.61633490396436
bd38abd8-758f-4e80-8f9c-7bfa8d8b75a4,Road_312,Local,4.62,4,60,83.1,12.95093550188152,77.55289796165093,12.951608213184217,77.64933543947284
b70589ed-bfcc-467d-a92d-660b864e77f7,Road_313,Arterial,5.05,4,40,56.4,13.067304479731595,77.55334422487537,13.024053941397472,77.60114840951476
21473128-2dee-45bd-96fb-cb454394ca08,Road_314,Local,7.26,6,60,66.5,12.91333927358084,77.64337534619813,13.023618139949908,77.53259611131902
1cf45996-5275-4bd5-8628-d33a98aa7d55,Road_315,Local,4.81,2,40,50.7,12.908787899100334,77.58803879171873,12.964655839079475,77.65858990621413
84aad131-5170-4823-abfb-ff8093e2fbaf,Road_316,Arterial,5.72,4,40,42.9,12.915932724182303,77.64742154178914,12.927836567174719,77.5899181155524
b872d1cf-8c13-43d1-8b6d-77ec52d52b19,Road_317,Local,4.86,2,40,54.9,12.871700966667657,77.63221484542878,12.962919072370017,77.53889191421233
2c3248df-8396-4b00-bd30-aae1ee2bd8ae,Road_318,Local,5.09,4,40,70.7,13.03134100450743,77.50388140253597,13.065896971320107,77.66028758632673
8d4255df-4091-4f77-990a-078bd04070a9,Road_319,Local,5.54,2,60,76.2,12.876414504832184,77.67216864902237,13.020038334954291,77.62833862493027
906561c1-7540-46e3-9406-96d1f4cb2b66,Road_320,Highway,4.04,2,60,61.4,12.946525871406825,77.5557044670405,12.894170041049124,77.50845222005577
9edbaaa3-5a60-4f18-b5fb-16368bfd7eb5,Road_321,Local,5.76,4,40,54.1,12.912022361121597,77.58416801366675,12.884558952760319,77.65782269171099
486a3901-039d-46d0-aaf2-915f2edceec7,Road_322,Local,4.17,2,80,74.5,12.914694564843177,77.58766739709957,13.06101404304246,77.56031641115581
85e512e6-f200-42ee-9ef0-72402075a8f1,Road_323,Collector,2.59,2,40,39.8,12.979423536304262,77.51196722076347,12.991136056837295,77.49930754931994
c3790792-e3ef-4817-ad74-91401e2e6b9c,Road_324,Arterial,6.72,2,40,77.3,13.016598087504917,77.54767229956074,13.023178373474417,77.50672155805542
41274bc9-4612-43b9-bcbe-3a2ec541b72f,Road_325,Collector,7.59,6,40,75.8,12.88716512234999,77.58589699210162,12.973379169573809,77.52798590973592
990079de-b14c-494d-b143-8cbd739cae34,Road_326,Arterial,7.63,4,80,66.8,13.07124465750748,77.57328254984837,12.875584357555296,77.66335094993875
a7e2b000-5808-4221-9809-17be455531ed,Road_327,Local,2.27,4,40,53.6,12.976231149180393,77.5733505251074,12.985660947474619,77.53388763417631
612d0af2-8109-4792-9bc0-e491eced8919,Road_328,Collector,6.2,2,40,48.4,12.958453070645458,77.60657224705142,12.996153275638248,77.65489932081553
9cb22404-9ea7-44bf-b81e-49e6b6745ca6,Road_329,Collector,6.29,4,60,91.1,12.91953623738478,77.51530936183032,13.034809708055,77.54250029129638
b3de5531-00fb-4536-af1f-25d1e0e319d5,Road_330,Collector,5.44,2,40,62.7,13.023388908294907,77.54594805486187,13.061967778823236,77.52764990786885
a5612366-814b-4b2d-a787-93043cdb2fd0,Road_331,Arterial,4.31,2,40,86.4,13.0597359657082,77.60075814206594,12.921871997987127,77.55363448691232
e772736e-0178-4bb2-91c6-ec97d0ec29b0,Road_332,Collector,3.63,6,60,94.7,13.01674061969101,77.59048646025734,12.973766928971134,77.66950753200828
0bc269ce-0ecc-40b1-bc83-0c1bfe38644c,Road_333,Arterial,2.2,4,40,68.0,12.930776827198667,77.54365550825776,12.980976153121887,77.65413576561103
12c149a7-d6e0-469e-a341-2d4ad4e8bc12,Road_334,Collector,6.34,2,40,86.0,12.96760047794582,77.5611833363069,12.966500180591323,77.51182261781233
045e684e-2b7c-447a-b58b-25637c1e9171,Road_335,Collector,7.9,2,40,77.9,12.98105675200963,77.59060453248168,13.068678528182117,77.50779108686798
149fa9aa-fb6d-44f4-95d0-2d2c469be601,Road_336,Local,7.59,6,60,69.7,13.065178843316687,77.54364749814049,12.992036571365567,77.56856176964013
f89a7877-d707-4f94-93e0-72b908badd17,Road_337,Collector,4.35,4,40,60.4,12.933490753241045,77.60780382217416,13.03989626478706,77.52688230165329
064657d9-1c09-46ff-8e0a-3e36ad4d4b49,Road_338,Arterial,3.18,6,40,90.0,12.933565686819364,77.67469098418917,12.893892501453363,77.60382580932502
b3509a9e-3a34-4b42-8221-0f77ce749291,Road_339,Local,6.94,6,60,75.1,13.06201211187288,77.60756662276138,12.953114686694153,77.68255620561186
f1ba70c0-e4f4-4703-a6f5-1f457eff9abd,Road_340,Highway,3.68,2,60,67.9,13.008718383603824,77.59509579779815,12.967218918782274,77.6279194793469
8294a0ad-0fd8-48f8-a7d1-0cbdf002cf1f,Road_341,Local,2.86,6,40,100.0,12.993087374539822,77.60861898000994,13.039381326755768,77.54969734280546
a3731e2e-205f-44fc-8451-3be0da4ff72e,Road_342,Local,4.24,2,40,67.5,12.967164590937251,77.65719665924709,12.92604369537067,77.54861092517619
78dce6e9-4e76-429f-851e-f5dbd4450d32,Road_343,Local,6.44,4,40,55.7,13.034634277587639,77.54805887124986,13.00762279304915,77.5725398443256
73358545-5cfc-4c55-b4f3-486cb1775760,Road_344,Collector,5.16,2,60,74.4,12.899863305136464,77.5140917689333,12.923407703509124,77.61552179765575
5e3d8cff-3a6e-400e-a2fa-619f47166b1f,Road_345,Local,3.86,2,40,82.4,13.052104969695874,77.60495609841436,12.903364403851823,77.62654976622962
695a8f8c-cd4b-4550-a13b-2e44d56488e9,Road_346,Collector,7.05,6,80,58.0,13.041966604353066,77.68639320874377,12.913821272586913,77.54384198718994
561b8b36-28d4-403e-b742-b7c29534ed16,Road_347,Highway,2.8,2,60,79.5,12.973640370536671,77.6152042069385,12.953157457896566,77.5799789754114
f9282284-2d35-4f30-b79e-4e197992ac97,Road_348,Arterial,2.47,6,60,73.4,12.997186934827415,77.66015249040113,12.93084285947336,77.53052761764735
f6381be9-e663-4e68-b71a-fc1b382fb730,Road_349,Highway,3.91,2,60,71.9,12.87176515179184,77.6586830817808,12.902859059248378,77.57506537608137
7c2d7e70-6325-427b-b7a6-ea30089e3f00,Road_350,Local,8.24,2,40,69.3,12.959498844643702,77.56782066109187,12.916101550368403,77.55218943349632
e3858b93-1706-4e98-946e-626b02e3ad6e,Road_351,Arterial,3.86,2,60,64.1,12.871811448821925,77.51615486153571,12.978179463853802,77.54261733597333
74fbc9de-97bb-49e6-89b4-185996b3cb13,Road_352,Collector,4.38,4,60,57.4,12.992114565444988,77.66578152370735,12.986825955565946,77.65519348011473
7f8fa9ad-5949-4e5a-bb6d-2a24521c2773,Road_353,Arterial,4.54,4,40,50.3,12.990190076524717,77.68148369305439,12.9694485689008,77.56105964721175
fe973741-6b01-40ae-ae08-2425172d3a3b,Road_354,Local,2.73,2,40,72.4,12.929427136180259,77.50439341977273,12.930611153390613,77.67363809665345
5a16cc51-6022-4c3c-806b-2f89d0ef5978,Road_355,Highway,3.92,4,40,55.7,13.02810690290885,77.58164612966577,12.918276351808139,77.61923936491233
54a5df1c-9208-4b2b-97d0-66fac6bfa727,Road_356,Arterial,6.79,4,40,65.5,12.990482032839129,77.54946300552095,12.971958006488226,77.60598673711321
3d946c71-ce61-484a-b940-c2edcec69f1e,Road_357,Arterial,1.22,2,40,77.8,13.051047378427336,77.50377005164786,13.067773385968366,77.53370153579068
c9743efa-2b7a-4318-abc2-55b4df39b0f7,Road_358,Highway,3.84,4,40,54.1,12.973086024631874,77.53365524799588,12.954724037749969,77.57831763345187
13315ee2-33f9-4272-ad40-015409754102,Road_359,Local,0.5,4,60,79.7,13.019890336528604,77.57589228256828,13.029443797311504,77.53682620850826
f8ac93f3-2477-4e68-9f4e-16d68da325a9,Road_360,Local,3.98,6,60,69.0,12.989200801862589,77.57043257364806,13.064163487504725,77.56750435354554
2bbab626-37ca-4f60-9dc2-e50bea4f48e1,Road_361,Arterial,1.24,2,40,81.2,12.992743041812233,77.55868678424544,13.066832097882338,77.53615131635314
afeacb2b-edef-4e84-83f2-46fe15300e07,Road_362,Arterial,5.8,4,40,75.7,13.032923826064724,77.56035919317969,12.972767076416021,77.6839129304232
6dcf0790-0512-4945-909b-3f386a97abe7,Road_363,Local,3.89,2,40,83.7,12.943527909183485,77.66976653015954,12.934011042008427,77.66361746592447
6e64ade3-1d41-461d-b3ac-e25e38b4d84d,Road_364,Collector,3.8,2,60,75.8,12.964280930956916,77.49773992142832,12.898858496896873,77.50998347332933
f171e060-07c8-453c-90ce-bb4d46d1f9d2,Road_365,Arterial,5.33,2,40,87.6,12.890703902678961,77.61581184538164,13.066142897271197,77.5971421942532
fce84a5e-a894-4d6e-bd29-32285b40e189,Road_366,Arterial,5.56,2,60,66.5,12.874814471578256,77.60017822106862,12.915624444385262,77.68475280083177
59e9d065-eeed-4ec2-99eb-a6b4f6249247,Road_367,Local,7.72,2,60,52.8,12.996309861890335,77.66215981647002,13.011070743119891,77.52671601437942
2d189ab1-3368-4b9c-83c2-a29350abd3c6,Road_368,Arterial,4.47,4,40,74.5,12.900971970059839,77.52691474463872,12.94487759555944,77.6729261971008
60cc4b7e-5927-45cf-9535-fbab76ac124b,Road_369,Local,7.26,4,40,86.9,13.034277579721179,77.5871451022949,13.010822337401184,77.62765558676628
9ffca27d-74eb-41b6-861e-77057f6cb28c,Road_370,Collector,2.82,2,40,89.3,13.056751147426983,77.65198842520853,12.943765648709666,77.65560827800518
603014df-212e-4227-88af-930ff6a3b897,Road_371,Local,6.11,2,60,40.3,12.878682160376371,77.50330902416358,12.912108368076785,77.6366692805548
5c8fdffe-bb8c-46bc-bf71-d991433359fa,Road_372,Local,8.42,2,40,56.8,13.06980665394435,77.53974839600102,13.038081635395509,77.55398677601129
34a3ee2b-c2b9-4e59-8a25-ad68138856a9,Road_373,Collector,5.18,4,40,76.1,12.922001333887618,77.53105487654257,13.068497202297218,77.63622917535713
66134caf-f355-426e-ac39-7cd04c83c68f,Road_374,Collector,2.55,2,40,69.9,12.890115147420255,77.6559007717899,12.965532227571895,77.633787008395
dff21865-1eda-469c-a0ba-566a52954357,Road_375,Local,1.85,2,60,71.2,13.037236173182022,77.65866597491706,12.915712366439948,77.66214054254625
f27b8f4c-2b12-4d69-bf50-46d97854ecd6,Road_376,Arterial,5.84,4,60,62.9,12.993405701930044,77.54048961449911,12.872657370900319,77.58199878592617
7f72f1a3-57ab-4bab-be42-f36cacae2ef4,Road_377,Arterial,8.78,2,80,100.0,12.920408682220494,77.6171043753275,13.010168747620506,77.61879299033235
3acc006e-7d75-4877-9cf6-2684083a1487,Road_378,Arterial,2.7,4,60,66.7,12.905817452292442,77.57504494514782,12.996320302138669,77.64555510799323
012f4f94-a890-4445-b650-02ff5cd49879,Road_379,Arterial,6.38,2,60,98.0,13.04476730425761,77.66634637047613,12.977452083733821,77.56919451886483
55bd453c-7b3a-4ed6-9a92-19aa128b6ac7,Road_380,Arterial,3.08,2,60,97.8,12.872937591991926,77.60794038419915,12.991730883623328,77.58435322913262
4904c3e2-ce86-4811-a099-08be9044c398,Road_381,Arterial,7.04,2,40,61.8,13.010042533645574,77.65172817082096,12.885597024494118,77.59859847324083
726b62ad-ae98-479a-8400-2f67bb1b9531,Road_382,Highway,4.55,4,40,67.3,12.95870518378072,77.68651700908123,12.960614737262697,77.54373976724627
19725033-04c3-41fe-bb73-fcc243cc102a,Road_383,Highway,2.7,4,40,77.9,13.037766554534505,77.59120947437214,12.989840565873612,77.54358910046167
7fd35aae-ab8f-46a1-8a47-3bd7a96fbf5c,Road_384,Collector,3.59,4,60,74.3,12.994908657894104,77.62900844480461,12.982081936881475,77.54478843399137
7e8a64f9-f23f-4593-ac28-59e7886012cc,Road_385,Local,5.36,2,80,60.1,13.056444004906007,77.61223941294026,13.006278519202038,77.62251536619095
96293484-4854-4892-a5ab-94d329949f63,Road_386,Arterial,8.07,4,40,58.0,13.008308714762498,77.59666491881154,13.066744320648667,77.69418984973986
17ff3557-a5cd-4fed-ae1b-0ed016bbd14f,Road_387,Local,4.52,2,60,54.4,12.952004623321196,77.54441555489483,12.915950531652745,77.52993214065428
fb234527-3dbe-4610-acf9-b1f3e1569300,Road_388,Local,3.02,4,40,68.8,12.986919244554004,77.65821466875008,13.02359712133242,77.66651918383393
0fe68ea3-0e9e-4b99-b4a5-85e95deaa715,Road_389,Collector,6.04,2,40,89.4,13.0365436556944,77.69188187239116,13.047486308532928,77.67754541007272
662a293d-bbae-4526-832c-3173d355d834,Road_390,Local,6.85,2,40,62.8,12.88386251151247,77.6454216488168,12.972701513770318,77.61588648845391
b2adc6bc-9519-4f57-9b2c-7229674ab554,Road_391,Arterial,7.36,6,40,52.8,13.05183063715955,77.59428506040311,12.993075594070545,77.56989762177473
c5de7435-56f1-442b-8cd7-9cbdb441b368,Road_392,Arterial,3.94,2,40,53.3,13.035769946571428,77.51385926308814,12.90603189079393,77.49755272506738
224da2bb-75fd-4154-abc3-8176b6af1e24,Road_393,Collector,9.86,2,40,88.2,12.875091562756673,77.5028193750457,12.891735349241726,77.68440449006721
94b9dea4-cc4c-44f2-82c6-248ed3d38746,Road_394,Collector,6.59,2,40,55.9,12.954287968176951,77.52769194282635,12.908580209800249,77.62454253933662
88834aa9-23cd-44be-b066-d7bfad11e4c8,Road_395,Highway,6.1,2,40,74.3,13.024721884660147,77.5871526552645,13.01385608441771,77.58034132078474
d43dc8dd-795d-402d-86a0-ff96151b5826,Road_396,Arterial,4.52,4,40,67.0,13.003691929940842,77.62718618889085,13.008880908443112,77.60048857408567
5a0522a0-0f8f-4d1b-8204-400015f73297,Road_397,Collector,5.36,2,60,82.6,12.998983543229192,77.53216205313178,13.019848006465011,77.58690503299047
acd0edd0-ea09-4cfc-bb6b-0f6574af3de9,Road_398,Arterial,7.03,2,60,72.3,12.972502457916276,77.51215862264992,12.902914517990023,77.68816561795296
d69167c6-25d4-4b5b-9ca9-14b0741d2e87,Road_399,Local,3.5,6,40,64.3,12.875253264469615,77.53714177467064,12.989087802413376,77.55187563679289
ff3fe6f2-3c03-4761-8fda-b750bfe81510,Road_400,Collector,4.15,6,60,71.6,13.057368739100207,77.63735821548144,13.022413063938663,77.59074729026361
d4385a95-24fb-4f2e-9d7f-aa5e1023ac17,Road_401,Collector,2.19,4,40,64.5,12.960402188601892,77.63447304748553,12.994527709579227,77.68754998363225
766f324a-9732-419f-8623-6caf9d1c8cdf,Road_402,Collector,4.22,2,80,56.7,12.931568202040838,77.58479933516337,13.070957124100339,77.64992827752
08cc0c43-9491-4b55-abb4-b0fa361c320e,Road_403,Collector,3.54,2,40,67.8,12.889145548421121,77.60204635928288,13.065742878988194,77.67972362702506
b21ee4c7-dfb4-4717-8fb3-bab9896fbf8b,Road_404,Local,6.53,2,60,65.5,13.032897863191572,77.61359164982325,12.935378207579422,77.51706259259115
eb246361-52f4-4d89-994e-5311b75bcd3b,Road_405,Local,9.72,2,40,67.8,12.962618803294994,77.6280200626175,13.023412581225616,77.66755678773472
7bac427f-5af6-4b43-a209-a97f86d874ff,Road_406,Local,4.95,2,60,57.6,12.92341774594532,77.66353486788651,12.957188881127298,77.69355780930141
cd43c848-4e8e-42cb-acd3-55fb2bcd7d97,Road_407,Collector,3.92,4,40,82.8,12.892886524870796,77.5144373382051,13.052272096594383,77.68227771437975
b40d63f6-15f4-493d-a819-4fabc92d5db5,Road_408,Highway,4.14,4,40,60.1,13.037843442847656,77.60630472810453,12.982165516678897,77.63736234607039
4dc1fe8c-6b62-4ddf-b07b-649347398def,Road_409,Arterial,3.6,4,60,82.9,13.054074560657273,77.61051418306464,12.984029257274319,77.658630783478
1a1440ab-b585-4360-8e3f-f2458dd5300c,Road_410,Local,3.18,2,60,76.9,12.902884552557031,77.64572904779739,12.8823397292024,77.66553313890903
3b19443f-4c8a-4200-b2b7-dd9bfddbfab3,Road_411,Collector,7.9,4,60,84.8,12.973423698883007,77.58270934538888,12.92931851588792,77.53298114263013
30dc6902-144c-4c9f-bf17-61c7e9629500,Road_412,Collector,5.99,4,40,72.2,13.000191176224014,77.64785501981142,12.978748773693367,77.69138114525354
b6276050-b9e1-4bc0-81c8-e2d5e0a31b30,Road_413,Collector,5.81,2,40,69.3,12.882430522391621,77.5967186847798,12.898305246412464,77.49904264385287
e19712c2-695a-4126-b5ca-32da37690840,Road_414,Local,6.3,2,40,82.7,13.065249734803992,77.59453461818109,12.882946360701101,77.58042894463227
50c9d0bd-17ad-4715-b24e-9df15baa454d,Road_415,Arterial,6.26,4,40,46.4,13.032385154037035,77.62793494234975,12.881828814666514,77.52626219025116
9fec1e5d-1d2b-4141-ad27-8773799cf818,Road_416,Local,3.59,2,40,60.4,12.951188331071977,77.57081948271674,12.988699119020414,77.6238661984221
fdd40a19-fb8c-4257-b81d-dd15b51dbcdd,Road_417,Local,7.34,4,40,71.4,12.97128919449746,77.60377036743773,13.027010324773784,77.68497286054541
dbbd6023-6044-4073-a7e2-3e9922dc18f4,Road_418,Local,4.17,6,60,72.5,12.992248975621866,77.5716679786486,12.960990039862695,77.53541499531967
a5e4100e-77f3-4a6b-bb58-b6635b0ba55a,Road_419,Local,3.38,4,40,52.0,13.000858695388823,77.51460716598115,13.006491615126412,77.4951045737871
75de04be-5e7e-4634-9ff2-ad8d77c6b3bb,Road_420,Collector,3.87,2,40,83.3,12.944436073406584,77.49790571988477,13.05007056453101,77.61398678334957
b6514522-8f46-4db6-a60a-ef1ef7b2ce5c,Road_421,Local,4.88,4,60,85.3,12.945708852543202,77.5760724875808,12.919107904292133,77.51964177806518
28fd4225-c689-4f5e-8b29-093c236fbb4f,Road_422,Collector,5.24,2,40,55.4,12.9220017138503,77.52381377293675,13.043573643943299,77.56136794328681
c45f5cba-3ef5-4c37-8d16-e5d94e69af70,Road_423,Local,4.68,4,60,42.7,12.894239594941714,77.62549806893045,12.883316084700558,77.49587560676142
8961cfd2-15db-4ad9-a321-552442929f33,Road_424,Arterial,5.51,2,60,82.0,13.011396406352828,77.60380666352789,13.031849597835125,77.53077013280307
fbb739a7-712c-46d0-a7e3-699440bfa91d,Road_425,Collector,3.45,2,80,88.5,12.922907466860476,77.68674416550256,12.884802969211588,77.68362475849304
b6b65d4c-5204-4851-bdc4-5755056dbdbd,Road_426,Collector,4.71,4,40,73.1,12.87596311295212,77.66938700419819,12.921063885898835,77.6087343156577
37e4d683-ae2a-444e-8e79-3287188b804f,Road_427,Arterial,5.89,2,40,62.1,12.927700611242809,77.69172605663438,12.95315270229395,77.5387865967145
5b0bbf48-9a39-4d41-bd2f-9b741bc82477,Road_428,Arterial,4.45,4,80,99.0,12.910504838658165,77.58101317964842,12.893993385934909,77.5689131158146
4f813f30-4deb-42af-a6db-18221a13aa83,Road_429,Arterial,6.37,2,40,75.2,12.91784233154769,77.56157583135908,13.04645444132896,77.53799471492245
66124d48-44b5-416d-b79a-5d34947d3488,Road_430,Collector,7.95,2,40,67.8,13.063166448969035,77.52905539068047,12.96323724414936,77.65283541627448
427f6401-3c5a-4874-af10-d9d701782a59,Road_431,Collector,6.1,2,80,81.3,12.965482689165547,77.67714316103852,12.976050860160347,77.59055852804609
311db553-57e2-40ec-8394-a9fcff2a7ca4,Road_432,Arterial,1.86,4,40,74.8,12.98182398495687,77.54612217096923,13.024089350964108,77.64434034696019
bea100fe-4827-4d9f-98cd-c311bb9f5891,Road_433,Local,4.56,6,40,58.6,12.916189147213611,77.57627354702674,12.876672964409313,77.50281739167741
f85cf4b2-5c7a-4133-93c0-b320bf042a35,Road_434,Arterial,4.73,6,40,62.9,13.012707112926925,77.6186732941536,13.035858785101908,77.60959950345006
af6066be-aa3a-4d64-b995-53ffd2b3513a,Road_435,Collector,6.34,6,60,79.9,12.902348985010017,77.57313627000686,12.938116417904071,77.56864015479816
2f9f1bb2-2839-425c-af60-d8d3a83eb84a,Road_436,Collector,7.26,2,60,77.0,13.032007969898626,77.5033248073503,12.939504886333033,77.57371936986296
2e4e5690-b341-418a-b9e9-b7bcc8102572,Road_437,Local,6.17,4,40,55.2,12.876681270936544,77.59002238276065,13.068069448997216,77.61678224172604
8c211d5d-fd6f-498e-abbc-1f1b7c0a3814,Road_438,Collector,7.34,2,40,71.5,12.975836977151863,77.64111666136776,12.925296034704415,77.64594422339881
161fe76d-a885-4db4-8a79-895a847a0e2f,Road_439,Local,7.33,2,40,77.9,12.954684038020424,77.5474706385291,12.922417172180753,77.64178487145075
2743d62f-7ad0-436b-948a-e295e8ceb5f2,Road_440,Local,7.22,4,60,68.1,12.915981425157133,77.67173329913223,13.010703755946933,77.61861246307696
e64b5494-92ed-4f81-b769-772bac249a38,Road_441,Collector,3.97,2,40,100.0,12.905505354870048,77.68560189572457,12.963544071196033,77.53925460816482
ff7a3904-538f-4491-9613-bf2da5265088,Road_442,Collector,7.13,4,60,56.9,13.057738530407539,77.59801475546057,12.926240883780087,77.58246046816902
aad95b80-3c14-4f19-add2-f339e4315360,Road_443,Collector,8.0,2,40,52.9,12.906228770003166,77.55316606164104,13.03467591708752,77.68217770303274
9fd6fa3d-97a1-4646-b106-a5b76e3cd053,Road_444,Local,0.5,2,60,72.9,13.045272615071845,77.63024103925535,13.03109526425302,77.62127630146186
789ba625-1f69-4782-abbe-9218cee4c09b,Road_445,Arterial,3.37,4,60,60.7,12.909847064923586,77.49841435298181,12.889208249445236,77.51420298533824
d4a4593f-5f96-404f-83be-c97e5cdb5bbb,Road_446,Local,3.64,4,40,70.6,13.059613791736359,77.54064405101676,12.910811759790041,77.64616545291435
9f61d2d0-dd09-4465-bd05-ae1868df0aef,Road_447,Arterial,2.4,2,40,52.4,12.97152574825703,77.58630764671285,13.028249600738535,77.55251857027277
810d6dda-e4d9-4fea-8e7e-46af900496b1,Road_448,Arterial,6.48,4,40,61.4,13.004043369902933,77.57985235424812,12.939468771653074,77.64056746849297
1a7e8fde-2353-4a76-9bb2-8c6bf7063732,Road_449,Collector,2.97,2,60,80.1,12.951025332880365,77.5738983552725,12.926716091156365,77.6179310651755
062f3583-c48c-4272-bae2-f0ccf930fc5d,Road_450,Highway,4.23,6,40,52.4,13.052789443038666,77.65814801141254,12.912699889950318,77.58581582745737
c4756c0d-b22a-46ba-a769-30a7a1e8b134,Road_451,Collector,2.51,2,40,63.1,13.00437752240414,77.55826058865617,12.901319975512882,77.56827679922837
a8e23ab8-184f-4629-b0c3-1a6897a28fa1,Road_452,Collector,5.87,4,40,76.4,13.056993909649059,77.69101094150409,12.941816019158491,77.59760806932292
842c8b5b-165d-4e40-918b-a841db9b84a8,Road_453,Local,6.46,2,80,52.5,13.00829431599933,77.57481250015543,12.89537729011755,77.56426491964692
ae8c94f0-ef84-4982-aa2b-d80ca8cb35d2,Road_454,Highway,7.59,2,40,57.5,13.028746620504,77.58074322621981,12.950105797068833,77.58767948571204
a6065c07-25ad-49b9-ae96-ddb18de136f6,Road_455,Local,4.89,2,60,78.9,12.969975605487166,77.56316442599339,12.892662003588665,77.55341832810319
c50d986c-9f67-4fed-8193-eb254302fb3b,Road_456,Arterial,4.82,4,40,54.5,12.962740061791,77.62146302880603,12.948030105963232,77.51484437818273
222a95d7-89a1-4210-81bb-3ae22468e4e8,Road_457,Local,6.92,4,40,80.9,12.921603468206229,77.65602191595508,13.016271286829518,77.52365091862204
0b1d852a-b093-42c1-ae42-efb999a40e9d,Road_458,Collector,6.89,4,40,76.1,12.930318415139578,77.61082268768189,12.968048774501604,77.51448901936166
9aab5848-3de1-48f1-96ed-cbb0a6ba5cca,Road_459,Collector,7.53,2,40,65.3,12.976447981028754,77.67208189516143,12.972820364299935,77.59318912341193
20eacd08-7b70-4b3f-a3fc-579f04b892bf,Road_460,Arterial,4.78,6,60,72.6,13.046281531263062,77.50161182566524,12.908203110511689,77.52931366839621
290393be-e839-4e28-b969-f993ea4e6cf4,Road_461,Local,1.95,4,40,73.5,12.897651493386356,77.66721789440858,13.03862923102719,77.58724125301232
150e6d4f-6bea-42ca-aa53-b342e25d0167,Road_462,Collector,4.64,4,60,86.7,12.936307855032288,77.67906884642001,12.882167086457654,77.52504999984066
6b2d340a-42ef-453f-8bbd-8615204c2f99,Road_463,Local,1.5,2,40,94.4,12.937806213137577,77.64795552762345,12.94826858011297,77.52411152927931
8be8688c-2943-4dac-80df-eedff0adf789,Road_464,Local,2.18,4,40,79.4,12.967637085883522,77.63782947135361,12.951518390521516,77.65695228013206
15e3df40-ee03-44bb-a9d3-fb645abc9acf,Road_465,Local,4.68,4,60,40.0,12.901328582193496,77.50248394834392,12.963097346187443,77.57517832068012
ac212754-9021-40d6-8509-52474b20b854,Road_466,Collector,2.41,2,40,80.2,13.06425833155106,77.60280886818865,12.965182755087083,77.68704736232021
889cdcf6-9ea5-44c2-bb75-f831e010fb59,Road_467,Collector,5.93,2,40,61.0,13.036159063193933,77.61451433177861,12.882975001457153,77.49507329561202
c025c575-0937-48cf-bba5-2cb3b7df2f49,Road_468,Collector,7.89,4,40,54.3,12.911690120187535,77.5857539634332,12.894561646952086,77.5359925554142
f868c2a0-7f59-45eb-a547-4d35afcde405,Road_469,Local,3.84,2,60,71.1,13.017329789294813,77.60389597711233,12.885735607352258,77.6730921171663
aeb455ed-3d01-4bb1-aa6e-a40b82685906,Road_470,Highway,4.02,2,80,66.1,12.94246728756043,77.67396723843645,12.969263791764732,77.52235675820087
0a5c5dd4-aa01-4ec0-ac23-4ea24d2f3557,Road_471,Arterial,5.46,4,60,78.9,12.883294796377697,77.52845414697188,12.980844207629747,77.66166815688676
1576f385-7a21-4254-9b7a-2a81cf91d189,Road_472,Collector,5.7,2,40,67.8,13.014998987005884,77.64114753053897,12.876516164717236,77.61780104581564
86e12839-ce39-42a0-a62b-80dcf7b06038,Road_473,Highway,4.99,2,40,64.2,13.032603243736299,77.58831007045507,12.960146562236392,77.68234243634602
84525625-8ba0-44dd-98c1-0416615c10c2,Road_474,Collector,4.45,4,40,45.2,12.945532953954006,77.6794093483818,12.900432087971694,77.5408696240314
9ee1d1f9-12bc-4475-a1ec-5828b68f95ec,Road_475,Local,6.02,2,60,72.1,12.991610609769301,77.52246696899509,12.882416155974395,77.51124724606507
be6e43cc-e2e7-42cd-a908-c1a5bd08815f,Road_476,Arterial,7.28,4,60,95.8,12.991921699570533,77.63405534801923,12.933436567736367,77.59391923805718
2ebd3d1a-93e0-41bc-9e96-cf6040e385b3,Road_477,Local,6.41,6,80,51.1,12.9643083635661,77.64840807955552,12.964883925817848,77.56777787461844
7a9f4563-5e1b-470e-9cbe-ebec61b6f5a1,Road_478,Highway,8.59,4,40,72.5,12.994466224059474,77.67964799526706,12.9515940993928,77.61149907910553
d811df53-2081-4a6b-882a-a0ffd191bf33,Road_479,Local,9.24,6,40,80.2,12.897676294106255,77.55555001538923,13.062793245003837,77.61172875939944
0b9e585f-e631-4c7c-a2f6-9c420719bd75,Road_480,Arterial,7.54,4,40,47.5,12.987305215099362,77.67702956140728,12.897306063773765,77.51250039863375
c3129697-cb01-45a1-b39b-bb7beba4150a,Road_481,Arterial,1.83,2,40,74.4,12.914439611632508,77.56337020402538,13.0054496761481,77.61085453756614
0162de69-b10e-41ce-a95c-86e95f963b95,Road_482,Local,4.59,4,40,85.5,12.96952464228728,77.59820344298211,13.063055191626459,77.64511445622155
720e6861-9a19-4cb2-8871-06dabfa4da89,Road_483,Local,1.31,2,40,53.2,12.962286124370165,77.66347341569018,12.987690200060094,77.57923185519155
abfaa22b-b272-4e94-9077-142a2cfa6271,Road_484,Local,0.5,4,40,91.0,12.985984248836616,77.52323751089305,13.067636029131245,77.53442252379489
5448280c-78e6-40fd-896f-0421cf3033a4,Road_485,Local,6.39,4,60,50.5,13.054539026331936,77.63127367028547,13.03200779821141,77.57919270985028
1ecdf25d-3db7-4a16-a3da-b25c99ed3920,Road_486,Collector,6.11,2,80,86.8,13.002186407694824,77.53476386039206,13.056818843616455,77.55855277349677
88112157-8e5b-492c-ae2c-dcce7b683881,Road_487,Local,7.81,2,40,79.2,12.970521590004088,77.69390690297205,12.946879119231255,77.554110110706
84e68294-4a92-4f66-916b-01c2d435e8d5,Road_488,Local,5.83,2,40,54.4,13.032733379398728,77.50418009198009,12.970710798053107,77.49789807243336
8b407174-b3d2-4fd5-a201-c0286d88f255,Road_489,Collector,3.51,2,40,90.9,12.984241649788405,77.68796869583518,12.89971585733368,77.64264470708588
43a4e0fa-1d66-45a3-9655-79f0f68577a4,Road_490,Local,3.46,2,40,68.7,13.043607734680943,77.57131775448497,13.030729327666519,77.52837729632341
fc157733-72bf-45ce-a7f4-2bf429f1fac7,Road_491,Local,3.01,4,40,84.1,12.944948914447028,77.69374758751188,13.0295688792833,77.50268048463319
de75c60d-7244-4885-af04-8a99074f51ff,Road_492,Collector,5.71,2,40,52.6,13.001775178213457,77.67720806833651,12.957684725095444,77.60659142505241
ed37eca1-1b32-4f99-a91d-50d0df3a4ae0,Road_493,Local,2.17,4,60,81.6,13.006272703589186,77.5175992609125,12.987145179303731,77.66747469382261
42d2d628-3537-49bd-8bf1-a9aba9009c2d,Road_494,Collector,6.22,4,40,59.0,13.061351315522588,77.55005439840961,13.04270113050114,77.63693363220908
b53f7730-2d39-4095-9a2f-48ad65b2e13c,Road_495,Local,6.22,2,40,76.8,13.005621707696253,77.58979259722045,13.037475131627744,77.54351392313869
5e76df8c-778c-4ef2-a6ac-21bf2597aac2,Road_496,Local,1.28,2,60,87.2,12.92195879100645,77.67329030148528,12.896713866370145,77.63966926821084
23b8f11a-c757-45a2-8b54-8ac6bbfa0ddc,Road_497,Collector,4.85,2,40,77.1,12.890016517863987,77.61340294207542,12.989726940980903,77.66100200346955
cb3e5b3c-cf39-48e4-b6f8-080d2b2236e6,Road_498,Local,4.92,4,60,60.2,13.01888345524666,77.49852851740681,12.989257747227049,77.68482280758998
08281977-394d-47df-8783-980fdc31a725,Road_499,Arterial,2.12,6,60,93.0,12.971127104762942,77.59797255967624,12.943382237538842,77.52190197781493
6c9554fe-7424-4ddc-a3ea-e0cc84417f97,Road_500,Collector,8.64,2,60,82.5,12.991780937132877,77.68815745778703,12.969645482242674,77.57811185910649
